url,label,A1,A2,A3,A4,A5,A6,A7,A8,A17,A25,A18,A19,A21,A23,A22,A24
123rf.com,0,17,0,0,1,0,0,0,1,0,1,1,0,0.014925373134328358,0.0,0.058823529411764705,0.0
20minutos.es,0,20,0,0,1,0,0,0,1,1,1,1,1,0.05335628227194492,0.0051635111876075735,0.022222222222222223,0.0
3ds.com,0,15,0,0,1,0,0,0,1,0,1,0,1,0.07142857142857142,0.0,0.0,0.0
4shared.com,0,19,0,0,1,0,0,0,1,0,1,0,0,0.04081632653061224,0.04081632653061224,0.0,0.0
abc.es,0,14,0,0,1,0,0,0,1,0,1,0,0,0.00804289544235925,0.010723860589812333,0.0,0.0
abc.net.au,0,18,0,0,2,0,0,0,1,1,1,0,1,0.025210084033613446,0.01680672268907563,1.0,0.0
abcnews.go.com,0,22,0,0,2,0,0,0,1,0,1,1,0,0.037800687285223365,0.006872852233676976,0.023255813953488372,0.0
about.com,0,17,0,0,1,0,0,0,1,0,1,1,1,0.03333333333333333,0.0,0.08333333333333333,0.0
aboutads.info,0,21,0,0,1,0,0,0,1,0,1,1,0,0.06451612903225806,0.1935483870967742,0.25,0.0
abril.com.br,0,20,0,0,2,0,0,0,1,0,1,0,0,0.061224489795918366,0.0,0.043478260869565216,0.0
academia.edu,0,20,0,0,1,0,0,0,1,1,1,1,0,0.053156146179401995,0.0033222591362126247,0.0,0.0
accounts.google.com,0,27,0,0,2,0,0,0,1,0,1,1,0,0.16666666666666666,0.0,0.3333333333333333,0.0
addtoany.com,0,20,0,0,1,0,0,0,1,0,1,1,1,0.08450704225352113,0.0,0.0,0.0
adobe.com,0,17,0,0,1,0,0,0,1,0,1,1,0,0.1111111111111111,0.0,0.0,0.0
ads.google.com,0,22,0,0,2,0,0,0,1,0,1,0,0,0.057803468208092484,0.06358381502890173,0.03225806451612903,0.0
adssettings.google.com,0,30,0,0,2,0,0,0,1,0,1,1,0,0.18181818181818182,0.0,0.0,0.0
afternic.com,0,20,0,0,1,0,0,0,1,0,1,0,1,0.10256410256410256,0.02564102564102564,0.1111111111111111,0.0
airbnb.com,0,18,0,0,1,0,0,0,1,0,1,1,0,0.07692307692307693,0.38461538461538464,0.0,0.0
aliexpress.com,0,22,0,0,1,0,0,0,1,0,0,0,0,0.0,0.0,0.0,0.0
amazon.ca,0,17,0,0,1,0,0,0,1,0,1,0,0,0.5,0.0,0.0,0.0
amazon.co.jp,0,20,0,0,2,0,0,0,1,0,1,1,0,0.043859649122807015,0.02631578947368421,0.0,0.0
amazon.co.uk,0,20,0,0,2,0,0,0,1,0,1,0,0,0.5,0.0,0.0,0.0
amazon.com,0,18,0,0,1,0,0,0,1,0,1,0,0,0.5,0.0,0.0,0.0
amazon.de,0,17,0,0,1,0,0,0,1,0,1,0,0,0.5,0.0,0.0,0.0
amazon.es,0,17,0,0,1,0,0,0,1,0,1,0,0,0.5,0.0,0.0,0.0
amazon.fr,0,17,0,0,1,0,0,0,1,0,1,0,0,0.5,0.0,0.0,0.0
amazon.it,0,17,0,0,1,0,0,0,1,0,1,0,0,0.5,0.0,0.0,0.0
ameblo.jp,0,17,0,0,1,0,0,0,1,1,1,1,0,0.047619047619047616,0.006802721088435374,0.1111111111111111,0.0
amzn.to,0,15,0,0,1,0,0,0,1,0,1,0,0,0.5,0.0,0.0,0.0
android.com,0,19,0,0,1,0,0,0,1,1,1,1,0,0.08433734939759036,0.012048192771084338,0.06666666666666667,0.0
answers.com,0,19,0,0,1,0,0,0,1,1,1,0,1,0.14354066985645933,0.11483253588516747,0.0,0.0
aol.com,0,15,0,0,1,0,0,0,1,0,1,0,0,0.018867924528301886,0.0020964360587002098,0.03125,0.0
apache.org,0,18,0,0,1,0,0,0,1,0,1,1,1,0.040697674418604654,0.20930232558139536,0.04081632653061224,0.0
apple.com,0,17,0,0,1,0,0,0,1,0,1,1,0,0.03305785123966942,0.0,0.02702702702702703,0.0
archive.org,0,19,0,0,1,0,0,0,1,0,0,0,1,0.0,0.0,0.0,0.0
aruba.it,0,16,0,0,1,0,0,0,1,1,1,1,0,0.020833333333333332,0.05654761904761905,0.02564102564102564,0.0
arxiv.org,0,17,0,0,1,0,0,0,1,0,1,1,1,0.011494252873563218,0.0038314176245210726,0.1,0.0
as.com,0,14,0,0,1,0,0,0,1,0,1,1,0,0.031007751937984496,0.0,0.0,0.0
asahi.com,0,17,0,0,1,0,0,0,1,1,1,0,0,0.005154639175257732,0.002577319587628866,0.013333333333333334,0.0
asus.com,0,16,0,0,1,0,0,0,1,1,1,0,0,0.038461538461538464,0.0,0.0,0.0
automattic.com,0,22,0,0,1,0,0,0,1,0,1,1,1,0.08620689655172414,0.017241379310344827,0.0,0.0
bandcamp.com,0,20,0,0,1,0,0,0,1,0,1,1,0,0.01904761904761905,0.009523809523809525,0.043478260869565216,0.0
barnesandnoble.com,0,26,0,0,1,0,0,0,1,1,1,1,0,0.2086677367576244,0.2086677367576244,0.0,0.0
bbc.co.uk,0,17,0,0,2,0,0,0,1,0,1,1,0,0.0213903743315508,0.0213903743315508,0.043478260869565216,0.0
bbc.com,0,15,0,0,1,0,0,0,1,0,1,1,0,0.01702127659574468,0.00425531914893617,0.03571428571428571,0.0
behance.net,0,19,0,0,1,0,0,0,1,0,0,0,0,0.0,0.0,0.0,0.0
bfmtv.com,0,17,0,0,1,0,0,0,1,0,1,1,1,0.021791767554479417,0.0,0.017857142857142856,0.0
bild.de,0,15,0,0,1,0,0,0,1,0,1,0,0,0.008174386920980926,0.004087193460490463,0.1111111111111111,0.1111111111111111
bing.com,0,16,0,0,1,0,0,0,1,0,1,0,0,1.0,0.0,0.0,0.0
bit.ly,0,14,0,0,1,0,0,0,1,0,1,0,0,0.05102040816326531,0.05102040816326531,0.018867924528301886,0.009433962264150943
blackberry.com,0,22,0,0,1,0,0,0,1,1,1,0,1,0.057971014492753624,0.014492753623188406,0.06666666666666667,0.0
booking.com,0,19,0,0,1,0,0,0,1,1,1,0,0,0.013392857142857142,0.017857142857142856,0.03773584905660377,0.0
books.google.com,0,24,0,0,2,0,0,0,1,0,1,0,1,0.07692307692307693,0.0,0.0,0.0
britannica.com,0,22,0,0,1,0,0,0,1,1,1,1,0,0.01532567049808429,0.0038314176245210726,0.06451612903225806,0.03225806451612903
business.google.com,0,27,0,0,2,0,0,0,1,0,1,1,0,0.06976744186046512,0.023255813953488372,0.5,0.0
businessinsider.com,0,27,0,0,1,0,0,0,1,1,1,1,1,0.01809954751131222,0.03167420814479638,0.14285714285714285,0.0
buzzfeed.com,0,20,0,0,1,0,0,0,1,1,1,0,0,0.04861111111111111,0.006944444444444444,0.0,0.0
ca.gov,0,14,0,0,1,0,0,0,1,0,1,1,1,0.03571428571428571,0.10714285714285714,0.2,0.0
calameo.com,0,19,0,0,1,0,0,0,1,1,1,1,0,0.07142857142857142,0.07142857142857142,0.06896551724137931,0.06896551724137931
canada.ca,0,17,0,0,1,0,0,0,1,0,1,1,1,0.25,0.0,0.0,0.0
cbc.ca,0,14,0,0,1,0,0,0,1,0,1,1,1,0.10784313725490197,0.0392156862745098,0.05405405405405406,0.0
cbslocal.com,0,20,0,0,1,0,0,0,1,0,1,1,0,0.014778325123152709,0.034482758620689655,0.05,0.05
cbsnews.com,0,19,0,0,1,0,0,0,1,1,1,0,0,0.020477815699658702,0.023890784982935155,0.045454545454545456,0.045454545454545456
cdc.gov,0,15,0,0,1,0,0,0,1,0,1,0,1,0.03474903474903475,0.06177606177606178,0.0380952380952381,0.09523809523809523
change.org,0,18,0,0,1,0,0,0,1,0,1,1,0,0.043010752688172046,0.0,0.027777777777777776,0.0
chaturbate.com,0,22,0,0,1,0,0,0,1,0,1,1,0,0.5844155844155844,0.025974025974025976,0.0,0.0
clarin.com,0,18,0,0,1,0,0,0,1,1,1,1,0,0.015723270440251572,0.0,0.045454545454545456,0.0
cloudflare.com,0,22,0,0,1,0,0,0,1,0,1,1,0,0.014234875444839857,0.0,0.029411764705882353,0.0
cnbc.com,0,16,0,0,1,0,0,0,1,0,1,0,0,0.013605442176870748,0.006802721088435374,0.05555555555555555,0.0
cnet.com,0,16,0,0,1,0,0,0,1,0,1,1,0,0.010825439783491205,0.0040595399188092015,0.012345679012345678,0.006172839506172839
cnil.fr,0,15,0,0,1,0,0,0,1,0,1,1,1,0.026143790849673203,0.006535947712418301,0.04,0.0
cnn.com,0,15,0,0,1,0,0,0,1,0,1,0,0,0.018867924528301886,0.018867924528301886,0.033783783783783786,0.033783783783783786
code.google.com,0,23,0,0,2,0,0,0,1,0,1,0,0,0.25,0.0,0.5,0.0
cornell.edu,0,19,0,0,1,0,0,0,1,1,1,1,0,0.026143790849673203,0.032679738562091505,0.08823529411764706,0.08823529411764706
correios.com.br,0,23,0,0,2,0,0,0,1,1,1,0,0,0.03755868544600939,0.03755868544600939,0.0,0.0
corriere.it,0,19,0,0,1,0,0,0,1,0,1,0,0,0.013146362839614373,0.0017528483786152498,0.03571428571428571,0.0
cpanel.com,0,18,0,0,1,0,0,0,1,0,1,0,0,0.05263157894736842,0.021052631578947368,0.03636363636363636,0.0
cpanel.net,0,18,0,0,1,0,0,0,1,0,1,0,0,0.05263157894736842,0.021052631578947368,0.03636363636363636,0.0
creativecommons.org,0,27,0,0,1,0,0,0,1,1,1,1,1,0.057971014492753624,0.014492753623188406,0.0,0.0
cutt.ly,0,15,0,0,1,0,0,0,1,0,1,1,1,0.11290322580645161,0.10483870967741936,0.058823529411764705,0.029411764705882353
dailymail.co.uk,0,23,0,0,2,0,0,0,1,1,1,1,0,0.1070615034168565,0.10858010630220197,0.0,0.0
dailymotion.com,0,23,0,0,1,0,0,0,1,0,1,1,1,0.025477707006369428,0.006369426751592357,0.0,0.0
dailystar.co.uk,0,23,0,0,2,0,0,0,1,0,1,0,1,0.028268551236749116,0.0035335689045936395,1.0,0.0
de.wikipedia.org,0,24,0,0,2,0,0,0,1,0,1,1,1,0.03515625,0.09375,0.07142857142857142,0.0
deezer.com,0,18,0,0,1,0,0,0,1,1,1,0,0,0.09722222222222222,0.0,0.02127659574468085,0.0
detik.com,0,17,0,0,1,0,0,0,1,1,1,0,0,0.012861736334405145,0.012861736334405145,0.019230769230769232,0.0
developers.google.com,0,29,0,0,2,0,0,0,1,0,1,1,1,0.25,0.011363636363636364,0.0,0.0
discord.com,0,19,0,0,1,0,0,0,1,0,1,1,0,0.032520325203252036,0.032520325203252036,0.0,0.0
discord.gg,0,18,0,0,1,0,0,0,1,0,1,1,0,0.032520325203252036,0.032520325203252036,0.0,0.0
disqus.com,0,18,0,0,1,0,0,0,1,1,0,0,0,0.0,0.0,0.0,0.0
docs.google.com,0,23,0,0,2,0,0,0,1,0,1,1,0,0.16666666666666666,0.0,0.3333333333333333,0.0
doi.org,0,15,0,0,1,0,0,0,1,0,1,1,1,0.1,0.0,0.16666666666666666,0.0
doubleclick.net,0,23,0,0,1,0,0,0,1,1,1,1,0,0.058823529411764705,0.0,0.06451612903225806,0.0
dovendi.com,0,19,0,0,1,0,0,0,1,0,1,1,1,0.08333333333333333,0.0,0.03571428571428571,0.0
draft.blogger.com,0,25,0,0,2,0,0,0,1,0,1,1,1,0.1875,0.125,0.1111111111111111,0.0
dreamstime.com,0,22,0,0,1,0,0,0,1,0,0,0,0,0.0,0.0,0.0,0.0
dribbble.com,0,20,0,0,1,0,0,0,1,0,1,1,0,0.1962864721485411,0.026525198938992044,0.0,0.0
drive.google.com,0,24,0,0,2,0,0,0,1,0,1,1,0,0.16666666666666666,0.0,0.3333333333333333,0.0
dropbox.com,0,19,0,0,1,0,0,0,1,0,1,1,0,0.031746031746031744,0.015873015873015872,0.038461538461538464,0.019230769230769232
dropcatch.com,0,21,0,0,1,0,0,0,1,0,0,0,1,0.0,0.0,0.0,0.0
dw.com,0,14,0,0,1,0,0,0,1,0,0,0,1,0.0,0.0,0.0,0.0
ea.com,0,14,0,0,1,0,0,0,1,0,1,0,1,0.023809523809523808,0.0,0.04,0.0
ebay.co.uk,0,18,0,0,2,0,0,0,1,0,1,0,0,0.03571428571428571,0.011904761904761904,0.2,0.0
ebay.com,0,16,0,0,1,0,0,0,1,1,1,0,0,0.045081967213114756,0.00819672131147541,0.2,0.0
ehow.com,0,16,0,0,1,0,0,0,1,0,1,1,0,0.012345679012345678,0.0,0.1,0.0
elmundo.es,0,18,0,0,1,0,0,0,1,0,1,0,0,0.015521064301552107,0.015521064301552107,0.1111111111111111,0.1111111111111111
elpais.com,0,18,0,0,1,0,0,0,1,0,1,1,0,0.028384279475982533,0.002183406113537118,0.08333333333333333,0.0
en.wikipedia.org,0,24,0,0,2,0,0,0,1,0,1,1,1,0.013392857142857142,0.01488095238095238,0.13333333333333333,0.0
enable-javascript.com,0,29,0,0,1,1,0,0,1,0,1,1,0,0.2553191489361702,0.3191489361702128,0.0,0.0
engadget.com,0,20,0,0,1,0,0,0,1,0,1,1,0,0.031578947368421054,0.0,0.043478260869565216,0.0
eonline.com,0,19,0,0,1,0,0,0,1,0,1,1,1,0.05,0.0,0.04,0.0
es.wikipedia.org,0,24,0,0,2,0,0,0,1,0,1,1,1,0.023076923076923078,0.02564102564102564,0.07142857142857142,0.0
espn.com,0,16,0,0,1,0,0,0,1,0,1,1,0,0.03723404255319149,0.03723404255319149,1.0,1.0
estadao.com.br,0,22,0,0,2,0,0,0,1,1,1,0,1,0.009633911368015413,0.0,0.06060606060606061,0.0
europa.eu,0,17,0,0,1,0,0,0,1,0,1,0,1,0.03571428571428571,0.03571428571428571,0.0,0.0
eventbrite.com,0,22,0,0,1,0,0,0,1,0,1,0,0,0.022727272727272728,0.011363636363636364,0.03571428571428571,0.03571428571428571
example.com,0,19,0,0,1,0,0,0,1,0,1,0,0,1.0,0.0,0.0,0.0
express.co.uk,0,21,0,0,2,0,0,0,1,1,1,1,0,0.01,0.0,0.015384615384615385,0.0
facebook.com,0,20,0,0,1,0,0,0,1,0,1,1,0,0.047619047619047616,0.047619047619047616,0.0,0.0
fandom.com,0,18,0,0,1,0,0,0,1,1,1,0,0,0.03773584905660377,0.0,0.06896551724137931,0.0
fb.com,0,14,0,0,1,0,0,0,1,0,1,1,0,0.047619047619047616,0.047619047619047616,0.0,0.0
fda.gov,0,15,0,0,1,0,0,0,1,1,1,1,0,0.017391304347826087,0.043478260869565216,0.02857142857142857,0.0
feedburner.com,0,22,0,0,1,0,0,0,1,0,0,0,0,0.0,0.0,0.0,0.0
fifa.com,0,16,0,0,1,0,0,0,1,0,0,0,1,0.0,0.0,0.0,0.0
files.wordpress.com,0,27,0,0,2,0,0,0,1,0,1,0,0,0.01910828025477707,0.006369426751592357,0.5,0.0
firefox.com,0,19,0,0,1,0,0,0,1,0,1,1,0,0.02112676056338028,0.007042253521126761,0.03225806451612903,0.0
focus.de,0,16,0,0,1,0,0,0,1,0,1,1,1,0.00909090909090909,0.0036363636363636364,0.025974025974025976,0.025974025974025976
forbes.com,0,18,0,0,1,0,0,0,1,0,1,0,0,0.011306532663316583,0.002512562814070352,0.017543859649122806,0.017543859649122806
fortune.com,0,19,0,0,1,0,0,0,1,1,1,1,1,0.03867403314917127,0.0055248618784530384,0.05357142857142857,0.0
foxnews.com,0,19,0,0,1,0,0,0,1,0,1,0,0,0.007709251101321586,0.005506607929515419,1.0,0.0
fr.wikipedia.org,0,24,0,0,2,0,0,0,1,0,1,1,1,0.014814814814814815,0.014814814814814815,0.058823529411764705,0.0
francetvinfo.fr,0,23,0,0,1,0,0,0,1,1,1,1,0,0.08258258258258258,0.09009009009009009,0.041666666666666664,0.0
frontiersin.org,0,23,0,0,1,0,0,0,1,1,1,1,1,0.046296296296296294,0.009259259259259259,0.041666666666666664,0.0
ft.com,0,14,0,0,1,0,0,0,1,1,1,1,0,0.014732965009208104,0.01289134438305709,0.02631578947368421,0.0
g.co,0,12,0,0,1,0,0,0,1,0,1,0,0,0.6666666666666666,0.0,0.0,0.0
get.google.com,0,22,0,0,2,0,0,0,1,0,1,1,0,0.06896551724137931,0.0,0.0,0.0
getbootstrap.com,0,24,0,0,1,0,0,0,1,0,1,1,1,0.046511627906976744,0.011627906976744186,0.07692307692307693,0.0
github.com,0,18,0,0,1,0,0,0,1,0,1,1,0,0.05555555555555555,0.013888888888888888,0.09259259259259259,0.0
gizmodo.com,0,19,0,0,1,0,0,0,1,0,1,1,1,0.01858736059479554,0.022304832713754646,0.1111111111111111,0.1111111111111111
globo.com,0,17,0,0,1,0,0,0,1,1,1,0,0,0.007874015748031496,0.005249343832020997,0.14285714285714285,0.0
gmail.com,0,17,0,0,1,0,0,0,1,0,1,1,0,0.16666666666666666,0.0,0.3333333333333333,0.0
gnu.org,0,15,0,0,1,0,0,0,1,0,1,1,1,0.017699115044247787,0.07964601769911504,0.0,0.0
gofundme.com,0,20,0,0,1,0,0,0,1,0,1,1,0,0.04672897196261682,0.009345794392523364,0.020833333333333332,0.0
goodreads.com,0,21,0,0,1,0,0,0,1,0,1,1,0,0.022388059701492536,0.007462686567164179,0.058823529411764705,0.0
google.ca,0,17,0,0,1,0,0,0,1,0,1,1,0,0.06896551724137931,0.0,0.0,0.0
google.co.id,0,20,0,0,2,0,0,0,1,0,1,1,0,0.06896551724137931,0.0,0.0,0.0
google.co.in,0,20,0,0,2,0,0,0,1,0,1,1,0,0.06896551724137931,0.0,0.0,0.0
google.co.jp,0,20,0,0,2,0,0,0,1,0,1,1,0,0.06896551724137931,0.0,0.0,0.0
google.co.uk,0,20,0,0,2,0,0,0,1,0,1,1,0,0.06896551724137931,0.0,0.0,0.0
google.com.br,0,21,0,0,2,0,0,0,1,0,1,1,0,0.06896551724137931,0.0,0.0,0.0
google.de,0,17,0,0,1,0,0,0,1,0,1,1,0,0.06896551724137931,0.0,0.0,0.0
google.es,0,17,0,0,1,0,0,0,1,0,1,1,0,0.06896551724137931,0.0,0.0,0.0
google.fr,0,17,0,0,1,0,0,0,1,0,1,1,0,0.06896551724137931,0.0,0.0,0.0
google.it,0,17,0,0,1,0,0,0,1,0,1,1,0,0.06896551724137931,0.0,0.0,0.0
google.nl,0,17,0,0,1,0,0,0,1,0,1,1,0,0.06896551724137931,0.0,0.0,0.0
google.pl,0,17,0,0,1,0,0,0,1,0,1,1,0,0.06896551724137931,0.0,0.0,0.0
google.ru,0,17,0,0,1,0,0,0,1,0,1,1,0,0.06896551724137931,0.0,0.0,0.0
googleblog.com,0,22,0,0,1,0,0,0,1,1,1,1,0,0.01694915254237288,0.00423728813559322,0.08333333333333333,0.0
gravatar.com,0,20,0,0,1,0,0,0,1,0,1,1,1,0.1282051282051282,0.02564102564102564,0.10526315789473684,0.05263157894736842
greenpeace.org,0,22,0,0,1,0,0,0,1,1,1,0,1,0.5,0.5,0.0,0.0
groups.google.com,0,25,0,0,2,0,0,0,1,0,1,1,0,0.16666666666666666,0.0,0.3333333333333333,0.0
guardian.co.uk,0,22,0,0,2,0,0,0,1,0,1,1,0,0.012048192771084338,0.009036144578313253,0.0,0.0
harvard.edu,0,19,0,0,1,0,0,0,1,1,1,0,0,0.01744186046511628,0.005813953488372093,0.06666666666666667,0.0
hatena.ne.jp,0,20,0,0,2,0,0,0,1,1,1,0,1,0.09273182957393483,0.0,0.05555555555555555,0.0
hindustantimes.com,0,26,0,0,1,0,0,0,1,1,1,0,0,0.02987012987012987,0.03116883116883117,0.01818181818181818,0.0
hm.com,0,14,0,0,1,0,0,0,1,0,1,1,1,0.010309278350515464,0.010309278350515464,0.0,0.0
hollywoodreporter.com,0,29,0,0,1,0,0,0,1,1,1,0,0,0.017721518987341773,0.015189873417721518,0.047619047619047616,0.023809523809523808
home.pl,0,15,0,0,1,0,0,0,1,0,1,1,1,0.04609929078014184,0.0,0.041666666666666664,0.0
hotmart.com,0,19,0,0,1,0,0,0,1,1,1,1,1,0.07936507936507936,0.047619047619047616,0.05555555555555555,0.027777777777777776
house.gov,0,17,0,0,1,0,0,0,1,1,1,1,1,0.014423076923076924,0.038461538461538464,0.1,0.0
hp.com,0,14,0,0,1,0,0,0,1,1,1,0,1,0.04433497536945813,0.04433497536945813,0.0,0.0
huawei.com,0,18,0,0,1,0,0,0,1,0,1,1,1,0.09482758620689655,0.021551724137931036,0.05555555555555555,0.027777777777777776
hubspot.com,0,19,0,0,1,0,0,0,1,0,1,0,0,0.01694915254237288,0.00423728813559322,0.016129032258064516,0.0
huffingtonpost.com,0,26,0,0,1,0,0,0,1,0,1,0,1,0.009523809523809525,0.0031746031746031746,0.047619047619047616,0.0
huffpost.com,0,20,0,0,1,0,0,0,1,0,1,0,1,0.009523809523809525,0.0031746031746031746,0.047619047619047616,0.0
ibm.com,0,15,0,0,1,0,0,0,1,1,1,0,0,0.02631578947368421,0.0,0.0,0.0
id.wikipedia.org,0,24,0,0,2,0,0,0,1,0,1,1,1,0.0136986301369863,0.015220700152207,0.08333333333333333,0.0
ig.com.br,0,17,0,0,2,0,0,0,1,1,1,0,0,0.007575757575757576,0.0025252525252525255,0.0,0.0
ign.com,0,15,0,0,1,0,0,0,1,0,1,0,0,0.03686635944700461,0.0,0.5,0.0
ikea.com,0,16,0,0,1,0,0,0,1,0,1,0,0,0.012345679012345678,0.006172839506172839,0.1,0.0
imageshack.us,0,21,0,0,1,0,0,0,1,1,1,1,1,0.125,0.0625,0.0,0.0
imdb.com,0,16,0,0,1,0,0,0,1,0,1,1,0,0.01652892561983471,0.0,0.07692307692307693,0.0
independent.co.uk,0,25,0,0,2,0,0,0,1,1,1,1,1,0.023090586145648313,0.0017761989342806395,0.16216216216216217,0.0
indiatimes.com,0,22,0,0,1,0,0,0,1,0,1,0,0,0.038461538461538464,0.0,0.047619047619047616,0.0
insider.com,0,19,0,0,1,0,0,0,1,1,1,1,1,0.01809954751131222,0.03167420814479638,0.14285714285714285,0.0
instagram.com,0,21,0,0,1,0,0,0,1,0,0,0,0,0.0,0.0,0.0,0.0
instructables.com,0,25,0,0,1,0,0,0,1,0,1,1,1,0.05,0.0,0.05,0.0
intel.com,0,17,0,0,1,0,0,0,1,0,1,1,1,0.045454545454545456,0.015151515151515152,0.043478260869565216,0.0
interia.pl,0,18,0,0,1,0,0,0,1,1,1,0,0,0.03551401869158879,0.014953271028037384,0.07142857142857142,0.0
ipv4.google.com,0,23,0,0,2,0,0,0,1,0,1,1,0,0.06896551724137931,0.0,0.0,0.0
issuu.com,0,17,0,0,1,0,0,0,1,0,1,1,1,0.03305785123966942,0.0,0.04,0.0
istockphoto.com,0,23,0,0,1,0,0,0,1,1,1,1,1,0.5,0.0,0.0,0.0
it.wikipedia.org,0,24,0,0,2,0,0,0,1,0,1,1,1,0.017374517374517374,0.019305019305019305,0.08333333333333333,0.0
itch.io,0,15,0,0,1,0,0,0,1,0,1,1,1,0.013736263736263736,0.0027472527472527475,0.0,0.0
ja.wikipedia.org,0,24,0,0,2,0,0,0,1,0,1,1,1,0.022556390977443608,0.02506265664160401,0.07142857142857142,0.0
jotform.com,0,19,0,0,1,0,0,0,1,1,1,1,0,0.012345679012345678,0.0,0.015625,0.0
kompas.com,0,18,0,0,1,0,0,0,1,1,1,0,0,0.01735357917570499,0.03036876355748373,0.0,0.0
latimes.com,0,19,0,0,1,0,0,0,1,0,1,0,1,0.016073478760045924,0.002296211251435132,0.038461538461538464,0.0
lavanguardia.com,0,24,0,0,1,0,0,0,1,0,1,1,0,0.019417475728155338,0.003236245954692557,0.034482758620689655,0.0
lazada.co.id,0,20,0,0,2,0,0,0,1,0,1,0,0,0.007547169811320755,0.0,0.0,0.0
lefigaro.fr,0,19,0,0,1,0,0,0,1,1,1,0,1,0.005856515373352855,0.021961932650073207,0.0425531914893617,0.0
lemonde.fr,0,18,0,0,1,0,0,0,1,1,1,0,0,0.022535211267605635,0.022535211267605635,0.02702702702702703,0.0
leparisien.fr,0,21,0,0,1,0,0,0,1,1,1,1,1,0.007407407407407408,0.001851851851851852,0.0125,0.0
lexpress.fr,0,19,0,0,1,0,0,0,1,0,1,1,1,0.018808777429467086,0.003134796238244514,0.043478260869565216,0.0
line.me,0,15,0,0,1,0,0,0,1,1,1,1,1,0.125,0.0,0.0,0.0
linkedin.com,0,20,0,0,1,0,0,0,1,0,1,0,0,0.012738853503184714,0.006369426751592357,0.1111111111111111,0.0
linktr.ee,0,17,0,0,1,0,0,0,1,1,1,1,0,0.0603448275862069,0.0603448275862069,0.0,0.0
live.com,0,16,0,0,1,0,0,0,1,0,0,0,0,0.0,0.0,0.0,0.0
liveinternet.ru,0,23,0,0,1,0,0,0,1,0,1,0,1,0.034482758620689655,0.0,0.0,0.0
m.wikipedia.org,0,23,0,0,2,0,0,0,1,0,1,0,1,0.008,0.008,0.05,0.0
mail.google.com,0,23,0,0,2,0,0,0,1,0,1,1,0,0.16666666666666666,0.0,0.3333333333333333,0.0
mail.ru,0,15,0,0,1,0,0,0,1,0,0,0,0,0.0,0.0,0.0,0.0
mailchi.mp,0,18,0,0,1,0,0,0,1,0,1,1,1,0.038869257950530034,0.0035335689045936395,0.04081632653061224,0.0
maps.google.com,0,23,0,0,2,0,0,0,1,0,1,0,1,1.0,0.0,0.0,0.0
marca.com,0,17,0,0,1,0,0,0,1,0,1,0,0,0.00718132854578097,0.0017953321364452424,0.045454545454545456,0.0
mashable.com,0,20,0,0,1,0,0,0,1,1,1,1,1,0.01856763925729443,0.0,0.007246376811594203,0.0
mdpi.com,0,16,0,0,1,0,0,0,1,0,1,1,0,0.15532286212914484,0.15532286212914484,0.0,0.0
mediafire.com,0,21,0,0,1,0,0,0,1,1,1,1,1,0.16326530612244897,0.1836734693877551,0.125,0.0
medium.com,0,18,0,0,1,0,0,0,1,0,1,1,0,0.14285714285714285,0.0,0.0,0.0
mega.nz,0,15,0,0,1,0,0,0,1,1,1,0,1,1.0,0.0,0.0,0.0
merriam-webster.com,0,27,0,0,1,1,0,0,1,1,1,1,0,0.023809523809523808,0.004761904761904762,0.07142857142857142,0.0
messenger.com,0,21,0,0,1,0,0,0,1,0,1,0,0,0.020833333333333332,0.0,0.02564102564102564,0.0
metro.co.uk,0,19,0,0,2,0,0,0,1,0,1,1,1,0.025196850393700787,0.0,0.05,0.0
mirror.co.uk,0,20,0,0,2,0,0,0,1,1,1,0,0,0.0125,0.0,0.038461538461538464,0.0
mit.edu,0,15,0,0,1,0,0,0,1,1,1,1,1,0.047619047619047616,0.031746031746031744,0.04,0.0
mozilla.com,0,19,0,0,1,0,0,0,1,0,1,1,0,0.02112676056338028,0.007042253521126761,0.03225806451612903,0.0
mozilla.org,0,19,0,0,1,0,0,0,1,0,1,1,0,0.023255813953488372,0.0,0.03125,0.0
msn.com,0,15,0,0,1,0,0,0,1,0,0,0,0,0.0,0.0,0.0,0.0
my.yahoo.com,0,20,0,0,2,0,0,0,1,0,1,0,0,0.08695652173913043,0.0,0.0,0.0
myaccount.google.com,0,28,0,0,2,0,0,0,1,0,1,1,0,0.16666666666666666,0.0,0.3333333333333333,0.0
mynavi.jp,0,17,0,0,1,0,0,0,1,1,1,1,0,0.050505050505050504,0.0,0.05,0.0
mystrikingly.com,0,24,0,0,1,0,0,0,1,0,1,1,0,0.07142857142857142,0.07142857142857142,0.0,0.0
namebright.com,0,22,0,0,1,0,0,0,1,1,0,0,1,0.0,0.0,0.0,0.0
nasa.gov,0,16,0,0,1,0,0,0,1,1,1,0,0,0.01824817518248175,0.0072992700729927005,0.06060606060606061,0.0
nationalgeographic.com,0,30,0,0,1,0,0,0,1,1,1,0,0,0.027777777777777776,0.0,1.0,0.0
nature.com,0,18,0,0,1,0,0,0,1,0,1,1,1,0.02158273381294964,0.03597122302158273,0.02564102564102564,0.0
naver.com,0,17,0,0,1,0,0,0,1,0,1,0,0,0.125,1.0,0.0,0.0
nbcnews.com,0,19,0,0,1,0,0,0,1,0,1,0,0,0.05338078291814947,0.05338078291814947,0.11764705882352941,0.0
ndtv.com,0,16,0,0,1,0,0,0,1,1,1,0,0,0.012389380530973451,0.01415929203539823,0.02857142857142857,0.0
netflix.com,0,19,0,0,1,0,0,0,1,0,1,0,0,0.047619047619047616,0.047619047619047616,0.05,0.05
netlify.app,0,19,0,0,1,0,0,0,1,1,1,1,1,0.032,0.008,0.06349206349206349,0.0
netvibes.com,0,20,0,0,1,0,0,0,1,0,1,1,1,0.046511627906976744,0.0,0.0,0.0
networkadvertising.org,0,30,0,0,1,0,0,0,1,0,1,0,1,0.05454545454545454,0.00909090909090909,0.2,0.0
news.com.au,0,19,0,0,2,0,0,0,1,0,1,1,0,0.007957559681697613,0.005305039787798408,0.022222222222222223,0.044444444444444446
news.google.com,0,23,0,0,2,0,0,0,1,0,1,1,0,0.044444444444444446,0.0,0.0,0.0
news.yahoo.com,0,22,0,0,2,0,0,0,1,0,1,0,0,0.008247422680412371,0.006185567010309278,0.0,0.0
newsweek.com,0,20,0,0,1,0,0,0,1,0,1,1,1,0.06623586429725363,0.0032310177705977385,0.034482758620689655,0.017241379310344827
newyorker.com,0,21,0,0,1,0,0,0,1,1,1,1,0,0.022900763358778626,0.007633587786259542,0.0,0.0
nginx.com,0,17,0,0,1,0,0,0,1,0,1,1,1,0.08300395256916997,0.09486166007905138,0.02631578947368421,0.0
nginx.org,0,17,0,0,1,0,0,0,1,0,1,1,1,0.08,0.0,0.0,0.0
nicsell.com,0,19,0,0,1,0,0,0,1,0,1,1,1,0.042105263157894736,0.021052631578947368,0.0,0.0
nih.gov,0,15,0,0,1,0,0,0,1,1,1,1,1,0.02912621359223301,0.019417475728155338,0.06666666666666667,0.0
nintendo.com,0,20,0,0,1,0,0,0,1,0,1,1,0,0.027932960893854747,0.0,0.058823529411764705,0.0
npr.org,0,15,0,0,1,0,0,0,1,1,1,0,0,0.14497041420118342,0.0029585798816568047,0.034482758620689655,0.0
nymag.com,0,17,0,0,1,0,0,0,1,1,1,1,0,0.015789473684210527,0.0,0.05,0.0
https://coinbase.sendsafely.com/d/client-services-files/B2B-01435461,1,68,0,0,2,0,0,0,1,1,1,1,1,0.6666666666666666,0.0,0.0,0.0
https://coinbase.sendsafely.com/dropzone/client-services-files/B2B-01435461,1,75,0,0,2,0,0,0,1,1,1,1,1,0.6666666666666666,0.0,0.0,0.0
https://primeira-venda-na-shopee-alppxodyjxhmny55.builder-preview.com/,1,70,0,0,2,1,0,0,1,0,0,0,0,0.0,0.0,0.0,0.0
https://www.eventolaracastilho.com.br/cadastro,1,46,0,0,3,0,0,0,1,1,0,0,0,0.0,0.0,0.0,0.0
https://coinabseeprooloigini.godaddysites.com/,1,46,0,0,2,0,0,0,1,1,1,0,0,1.0,0.0,0.0,0.0
https://ffbell-three.vercel.app/,1,32,0,0,2,1,0,0,1,0,0,0,1,0.0,0.0,0.0,0.0
https://whatsjxj.cc/,1,20,0,0,1,0,0,0,1,0,1,1,1,0.10666666666666667,0.10666666666666667,0.08333333333333333,0.0
http://f.digitalmaillane.com/igit/4/amt82jxMjalzn7q1hbMldsMw9bsgkM0bgMdd5Mo1MhMa,1,80,0,0,2,0,0,0,0,0,1,1,0,0.10526315789473684,0.0,0.0,0.0
http://matexglobalsourcinghub.com/,1,34,0,0,1,0,0,0,0,0,0,0,1,0.0,0.0,0.0,0.0
http://matexinternationallogistics.com/,1,39,0,0,1,0,0,0,0,0,0,0,1,0.0,0.0,0.0,0.0
http://matexworldwideexpress.com/,1,33,0,0,1,0,0,0,0,0,0,0,1,0.0,0.0,0.0,0.0
https://help-trezo-or-brid-ge.typedream.app/,1,44,0,0,2,1,0,0,1,0,1,0,1,1.0,0.0,0.0,0.0
https://producbank.iceiy.com/,1,29,0,0,2,0,0,0,1,0,0,0,0,0.0,0.0,0.0,0.0
https://14525412541236592.duckdns.org/,1,38,0,0,2,0,0,0,1,0,1,0,0,1.0,0.0,0.0,0.0
http://refund-advertising-meta.surge.sh/accountMeta,1,51,0,0,2,1,0,0,0,0,1,1,0,1.0,0.0,0.0,0.0
https://res.gouchiodo.sa.com/GuY0XcrUcfKsaxR7YjJ@4vwA/,1,54,0,1,3,0,0,0,1,0,0,0,0,0.0,0.0,0.0,0.0
https://pc.whatsiew.cc/wp-includes/Text/about.php7,1,50,0,0,3,0,0,0,1,0,1,1,1,0.3125,0.09375,0.2727272727272727,0.2727272727272727
https://pc.whatseqs.cc/,1,23,0,0,2,0,0,0,1,0,1,1,1,0.5185185185185185,0.5185185185185185,0.65,0.65
http://www.0qb73a.com/,1,22,0,0,2,0,0,0,0,1,1,1,1,0.058823529411764705,0.029411764705882353,0.0,0.0
https://pc.whatssyg.cc/i/home.html,1,34,0,0,3,0,0,0,1,0,1,1,1,0.3125,0.09375,0.2727272727272727,0.2727272727272727
https://pc.whatsquw.cc/i/home.html,1,34,0,0,3,0,0,0,1,0,1,1,1,0.3125,0.09375,0.2727272727272727,0.2727272727272727
https://pc.whatssoo.cc/i/home.html,1,34,0,0,3,0,0,0,1,0,1,1,1,0.3125,0.09375,0.2727272727272727,0.2727272727272727
https://pc.whatswau.cc/_layouts/15/spinstall0.aspx,1,50,0,0,3,0,0,0,1,0,1,1,1,0.3125,0.09375,0.2727272727272727,0.2727272727272727
https://pc.whatslpn.cc/wp-includes/Text/about.php7,1,50,0,0,3,0,0,0,1,0,1,1,1,0.3125,0.09375,0.2727272727272727,0.2727272727272727
https://pc.whatsick.cc/wp-includes/Text/about.php7,1,50,0,0,3,0,0,0,1,0,1,1,1,0.3125,0.09375,0.2727272727272727,0.2727272727272727
https://pc.whatsumc.cc/i/home.html,1,34,0,0,3,0,0,0,1,0,1,1,1,0.3125,0.09375,0.2727272727272727,0.2727272727272727
https://pc.whatsuyk.cc/i/home.html,1,34,0,0,3,0,0,0,1,0,1,1,1,0.3125,0.09375,0.2727272727272727,0.2727272727272727
https://pc.whatsisq.cc/wp-includes/Text/about.php7,1,50,0,0,3,0,0,0,1,0,1,1,1,0.3125,0.09375,0.2727272727272727,0.2727272727272727
https://pc.whatsmge.cc/wp-includes/Text/about.php7,1,50,0,0,3,0,0,0,1,0,1,1,1,0.3125,0.09375,0.2727272727272727,0.2727272727272727
https://pc.whatsqga.cc/i/home.html,1,34,0,0,3,0,0,0,1,0,1,1,1,0.3125,0.09375,0.2727272727272727,0.2727272727272727
https://pc.whatssai.cc/i/home.html,1,34,0,0,3,0,0,0,1,0,1,1,1,0.3125,0.09375,0.2727272727272727,0.2727272727272727
https://pc.whatsuqu.cc/i/home.html,1,34,0,0,3,0,0,0,1,0,1,1,1,0.3125,0.09375,0.2727272727272727,0.2727272727272727
http://whatsjxj.cc/wp-includes/Text/about.php7,1,46,0,0,2,0,0,0,0,0,1,1,1,0.3125,0.09375,0.2727272727272727,0.2727272727272727
https://pc.whatsuym.cc/i/home.html,1,34,0,0,3,0,0,0,1,0,1,1,1,0.3125,0.09375,0.2727272727272727,0.2727272727272727
https://pc.whatsuqc.cc/i/home.html,1,34,0,0,3,0,0,0,1,0,1,1,1,0.3125,0.09375,0.2727272727272727,0.2727272727272727
https://pc.whatsway.cc/_layouts/15/spinstall0.aspx,1,50,0,0,3,0,0,0,1,0,1,1,1,0.3125,0.09375,0.2727272727272727,0.2727272727272727
https://pc.whatssgy.cc/i/home.html,1,34,0,0,3,0,0,0,1,0,1,1,1,0.3125,0.09375,0.2727272727272727,0.2727272727272727
https://whatsqcq.cc/i/home.html,1,31,0,0,2,0,0,0,1,0,1,1,1,0.3125,0.09375,0.2727272727272727,0.2727272727272727
https://pc.whatsswi.cc/i/home.html,1,34,0,0,3,0,0,0,1,0,1,1,1,0.3125,0.09375,0.2727272727272727,0.2727272727272727
https://pc.whatsqcs.cc/i/home.html,1,34,0,0,3,0,0,0,1,0,1,1,1,0.3125,0.09375,0.2727272727272727,0.2727272727272727
https://pc.whatsrhh.cc/i/home.html,1,34,0,0,3,0,0,0,1,0,1,1,1,0.3125,0.09375,0.2727272727272727,0.2727272727272727
http://whatshbt.cc/wp-includes/Text/about.php7,1,46,0,0,2,0,0,0,0,0,1,1,1,0.3125,0.09375,0.2727272727272727,0.2727272727272727
https://pc.whatsqow.cc/i/home.html,1,34,0,0,3,0,0,0,1,0,1,1,1,0.3125,0.09375,0.2727272727272727,0.2727272727272727
https://remindeertsuperiority-updated-groswc82ut.edgeone.app/tyhuky.htm,1,71,0,0,3,1,0,0,1,1,0,0,0,0.0,0.0,0.0,0.0
https://onlinemailstorage.com/cl87346f254/6e732d2550c25050c3c419b0/index.php?id=228758f5e30bbfbb723900727b18650c,1,112,0,0,2,0,0,0,1,0,1,1,1,0.8571428571428571,0.0,0.0,0.0
https://assets.pubpub.org/gbb5op44/tiktok-71730948558683.html,1,61,0,0,3,0,0,0,1,0,0,0,0,0.0,0.0,0.0,0.0
https://vccaswk.com/,1,20,0,0,1,0,0,0,1,0,1,0,1,0.5714285714285714,0.0,0.5,0.0
https://produbanc0nlinetrop.vercel.app/?fbclid=IwY2xjawNbUYZleHRuA2FlbQIxMABicmlkETFBOTFVTGhrYm5kU1lOUjRYAR4FkQimWXq4HV_GCiFpoF9SLYuP--3ZEsuCqmL5yfRZpQzeretQBy3OEt_LGQ_aem_UAw_pj5mk5R3oc4BWyTOlA,1,194,0,0,2,0,0,0,1,0,1,0,0,1.0,1.0,0.0,0.0
https://www.hbccontsr.com/,1,26,0,0,2,0,0,0,1,0,0,0,1,0.0,0.0,0.0,0.0
https://produbanc0ec.wuaze.com/,1,31,0,0,2,0,0,0,1,0,0,0,0,0.0,0.0,0.0,0.0
https://agent.shiolorio.ru.com/lylD82ApVB!D9ufgMec8aLKi/$3mail@a.b.c0,1,69,0,1,5,0,0,0,1,0,0,0,0,0.0,0.0,0.0,0.0
https://asdbavbsdasdakja.click/,1,31,0,0,1,0,0,0,1,0,0,0,1,0.0,0.0,0.0,0.0
https://yahoomail2.godaddysites.com/,1,36,0,0,2,0,0,0,1,0,1,1,0,0.2857142857142857,0.14285714285714285,0.0,0.0
http://refund-advertising-meta.surge.sh/account61580050738171,1,61,0,0,2,1,0,0,0,0,1,1,0,1.0,0.0,0.0,0.0
https://votre-conseiller.surge.sh/,1,34,0,0,2,1,0,0,1,0,0,0,0,0.0,0.0,0.0,0.0
https://microsoft.design/articles/start-fresh-redesigning-windows-start-menu/,1,77,0,0,1,0,0,0,1,1,1,0,1,0.017045454545454544,0.011363636363636364,0.125,0.0
https://feiraodeoutubro2025.github.io/j25/,1,42,0,0,2,0,0,0,1,1,1,0,0,1.0,1.0,1.0,1.0
https://pub-a05052f21b2c4d8da177bc97c77fa992.r2.dev/index.html?60a436eafbf197d0f3b8c34e4464f9,1,93,0,0,3,1,0,0,1,1,1,0,0,1.0,0.0,0.0,0.0
http://hkpdsfstky.duckdns.org/ja/,1,33,0,0,2,0,0,0,0,0,0,0,1,0.0,0.0,0.0,0.0
https://mint-nftbox07-chi.vercel.app/,1,37,0,0,2,1,0,0,1,0,1,0,1,0.5,0.5,0.0,0.0
http://f.digitalmaillane.com/igit/4/53n5bcuPt48stcv6mgPqixP2eu2x4gP5glPhiaPt6PmPf,1,81,0,0,2,0,0,0,0,0,1,1,0,0.10526315789473684,0.0,0.0,0.0
https://app-67ee16c2c1ac1810207ed90d.closte.com/wp-content/uploads/2025/10/fr-85632s56qd8q7s6d453/redirect.php,1,110,0,0,3,1,0,0,1,0,0,0,0,0.0,0.0,0.0,0.0
https://www.roblox.tc/users/1576189965/profile,1,46,0,0,2,0,0,0,1,1,1,0,0,0.2571428571428571,0.08571428571428572,0.0,0.0
https://www.roblox.tc/games/90260166986922/Neko-Outbreak-63?privateServerLinkCode=32450739618257576526420714999432,1,114,0,0,2,0,0,0,1,1,1,1,0,0.4,0.2,0.0,0.0
https://www.roblox.tc/users/1650259200/profile,1,46,0,0,2,0,0,0,1,1,1,0,0,0.2571428571428571,0.08571428571428572,0.0,0.0
https://www.roblox.tc/games/14153443454/Meet-a-neko?privateServerLinkCode=86417855564966570601148649218241,1,106,0,0,2,0,0,0,1,1,1,1,0,0.4,0.2,0.0,0.0
https://www.roblox.tc/games/87206555365816/Dollhouse-Roleplay-Modded-BACK?privateServerLinkCode=71529218401190750331534188560664,1,128,0,0,2,0,0,0,1,1,1,1,0,0.4,0.2,0.0,0.0
https://www.roblox.tc/games/88270880256027/WORKING-SUSSY-SWAP-SIMULATOR-2?privateServerLinkCode=58081094282951956029777835635080,1,128,0,0,2,0,0,0,1,1,1,1,0,0.4,0.2,0.0,0.0
https://www.roblox.tc/games/135584994052780/AI-Talk-With-Neko?privateServerLinkCode=08413143472818728296023391015787,1,116,0,0,2,0,0,0,1,1,1,1,0,0.4,0.2,0.0,0.0
https://www.roblox.tc/games/76106209840076/Weird-Neko-Untitled-Game?privateServerLinkCode=13537921365426259357523737729058,1,122,0,0,2,0,0,0,1,1,1,1,0,0.4,0.2,0.0,0.0
https://www.roblox.tc/games/142823291/Murder-Mystery-2?privateServerLinkCode=04830190047369293408278139882682,1,109,0,0,2,0,0,0,1,1,1,1,0,0.4,0.2,0.0,0.0
https://www.roblox.tc/games/127742093697776/Plants-Vs-Brainrots?privateServerLinkCode=21409272151831953883040609307523,1,118,0,0,2,0,0,0,1,1,1,1,0,0.4,0.2,0.0,0.0
https://www.roblox.tc/communities/8745361804/teagertsalol,1,57,0,0,2,0,0,0,1,1,1,1,0,0.375,0.0625,0.0,0.0
https://www.roblox.tc/communities/7779463490/HowToRoblox-Group,1,62,0,0,2,0,0,0,1,1,1,1,0,0.375,0.0625,0.0,0.0
https://www.roblox.tc/communities/2545482608/GrouchysUGC,1,56,0,0,2,0,0,0,1,1,1,1,0,0.375,0.0625,0.0,0.0
https://www.roblox.com.ml/games/87039211657390/HALLOWEEN-Arise-Crossover?privateServerLinkCode=42454397221673564687240206875728,1,127,0,0,3,0,0,0,1,1,1,1,0,0.4,0.2,0.0,0.0
https://www.roblox.com.ml/games/16732694052/Fisch-ANNIVERSARY?privateServerLinkCode=28313365126952009246543021733986,1,116,0,0,3,0,0,0,1,1,1,1,0,0.4,0.2,0.0,0.0
https://www.roblox.com.ml/users/1041789408/profile,1,50,0,0,3,0,0,0,1,1,1,0,0,0.2571428571428571,0.08571428571428572,0.0,0.0
https://www.roblox.com.ml/games/77182599101794/4nn1s-Place?privateServerLinkCode=87330924578233314791747515245093,1,113,0,0,3,0,0,0,1,1,1,1,0,0.4,0.2,0.0,0.0
https://www.roblox.com.ml/games/13772394625/Blade-Ball?privateServerLinkCode=28313365126952009246543021733986,1,109,0,0,3,0,0,0,1,1,1,1,0,0.4,0.2,0.0,0.0
https://www.roblox.com.ml/games/16732694052/Fisch?privateServerLinkCode=35634205042278434369918411983306,1,104,0,0,3,0,0,0,1,1,1,1,0,0.4,0.2,0.0,0.0
https://www.roblox.com.ml/games/2753915549/Event-Blox-Fruits?privateServerLinkCode=28313365126952009246543021733986,1,115,0,0,3,0,0,0,1,1,1,1,0,0.4,0.2,0.0,0.0
https://www.roblox.com.ml/games/126884695634066/Grow-a-Garden?privateServerLinkCode=66793287834511201082600638331873,1,116,0,0,3,0,0,0,1,1,1,1,0,0.4,0.2,0.0,0.0
https://www.roblox.com.ml/communities/8703973738/YUMI-COMMUNITY,1,63,0,0,3,0,0,0,1,1,1,1,0,0.375,0.0625,0.0,0.0
https://www.robiox.com.tg/games/10974477831/Mysterious-Place?privateServerLinkCode=001256112124811511406247353504,1,113,0,0,3,0,0,0,1,1,1,0,0,0.3888888888888889,0.16666666666666666,0.0,0.0
https://www.roblox.com.ml/communities/8027380749/robuxgroup,1,59,0,0,3,0,0,0,1,1,1,1,0,0.375,0.0625,0.0,0.0
https://www.robiox.com.tg/games/105555311806207/Build-a-ZooFish?privateServerLinkCode=095853174697132061854362055139,1,116,0,0,3,0,0,0,1,1,1,0,0,0.3888888888888889,0.16666666666666666,0.0,0.0
https://www.roblox.com.ml/communities/2152309615/rls,1,52,0,0,3,0,0,0,1,1,1,1,0,0.375,0.0625,0.0,0.0
https://www.roblox.com.ml/games/109983668079237/Steal-a-Brainrot?privateServerLinkCode=47548842260043123321472649476155,1,119,0,0,3,0,0,0,1,1,1,1,0,0.4,0.2,0.0,0.0
https://www.roblox.com.ml/games/115667188734034/?privateServerLinkCode=39616613660953660870079777693002,1,103,0,0,3,0,0,0,1,1,1,1,0,0.4,0.2,0.0,0.0
https://www.roblox.com.ml/communities/624203582/Dreamy-Angel,1,60,0,0,3,0,0,0,1,1,1,1,0,0.375,0.0625,0.0,0.0
https://www.robiox.com.ua/users/560522459/profile,1,49,0,0,3,0,0,0,1,1,1,0,0,0.2571428571428571,0.08571428571428572,0.0,0.0
https://www.roblox.com.ml/communities/3665951371/ganzio,1,55,0,0,3,0,0,0,1,1,1,1,0,0.375,0.0625,0.0,0.0
https://www.roblox.com.ml/communities/2139361910/Azaksi-Community,1,65,0,0,3,0,0,0,1,1,1,1,0,0.375,0.0625,0.0,0.0
https://www.roblox.com.ml/communities/3715038124/VirtualityWorld,1,64,0,0,3,0,0,0,1,1,1,1,0,0.375,0.0625,0.0,0.0
https://www.robiox.com.ua/users/5568366183/profile,1,50,0,0,3,0,0,0,1,1,1,0,0,0.2571428571428571,0.08571428571428572,0.0,0.0
https://www.roblox.com.ml/communities/26158331/FantasyUGC,1,57,0,0,3,0,0,0,1,1,1,1,0,0.375,0.0625,0.0,0.0
https://www.robiox.com.ua/users/1370831435/profile,1,50,0,0,3,0,0,0,1,1,1,0,0,0.2571428571428571,0.08571428571428572,0.0,0.0
https://www.robiox.com.ua/users/3345611999/profile,1,50,0,0,3,0,0,0,1,1,1,0,0,0.2571428571428571,0.08571428571428572,0.0,0.0
https://www.robiox.com.ua/users/3847655696/profile,1,50,0,0,3,0,0,0,1,1,1,0,0,0.2571428571428571,0.08571428571428572,0.0,0.0
https://www.robiox.com.ua/users/2117479661/profile,1,50,0,0,3,0,0,0,1,1,1,0,0,0.2571428571428571,0.08571428571428572,0.0,0.0
https://www.robiox.com.ua/games/13831863192/Neko-Infection-GUBBY-NEKO?privateServerLinkCode=67142696921664684343603181545668,1,124,0,0,3,0,0,0,1,1,1,1,0,0.4,0.2,0.0,0.0
https://www.robiox.com.ua/games/11458003847/Xayezi-Hangout-Vibe-Place-Mic-up?privateServerLinkCode=32718313217100905384095220911346,1,131,0,0,3,0,0,0,1,1,1,1,0,0.4,0.2,0.0,0.0
https://www.robiox.com.ua/games/920587237/Adopt-Me?privateServerLinkCode=36903500197286509827722327623711,1,105,0,0,3,0,0,0,1,1,1,1,0,0.4,0.2,0.0,0.0
https://www.robiox.com.ua/users/1243690708/profile,1,50,0,0,3,0,0,0,1,1,1,0,0,0.2571428571428571,0.08571428571428572,0.0,0.0
https://www.robiox.com.ua/games/14024789662/A-r34-gaem-READ-DESC?privateServerLinkCode=80053020960536892416911736020067,1,119,0,0,3,0,0,0,1,1,1,1,0,0.4,0.2,0.0,0.0
https://www.robiox.com.ua/games/127742093697776/Plants-Vs-Brainrots?privateServerLinkCode=03210110943395965770933354352589,1,122,0,0,3,0,0,0,1,1,1,1,0,0.4,0.2,0.0,0.0
https://www.robiox.com.ua/games/109983668079237/Steal-a-Brainrot?privateServerLinkCode=39083799041359763417621285710870,1,119,0,0,3,0,0,0,1,1,1,1,0,0.4,0.2,0.0,0.0
https://www.robiox.com.ua/games/126884695634066/Grow-a-Garden?privateServerLinkCode=60338898509261474526854473020632,1,116,0,0,3,0,0,0,1,1,1,1,0,0.4,0.2,0.0,0.0
https://www.robiox.com.am/users/7552221366/profile,1,50,0,0,3,0,0,0,1,1,1,0,0,0.2571428571428571,0.08571428571428572,0.0,0.0
https://www.robiox.com.am/users/6892355627/profile,1,50,0,0,3,0,0,0,1,1,1,0,0,0.2571428571428571,0.08571428571428572,0.0,0.0
https://www.robiox.com.am/users/4426700767/profile,1,50,0,0,3,0,0,0,1,1,1,0,0,0.2571428571428571,0.08571428571428572,0.0,0.0
https://www.robiox.com.am/users/445232456/profile,1,49,0,0,3,0,0,0,1,1,1,0,0,0.2571428571428571,0.08571428571428572,0.0,0.0
https://www.robiox.com.am/users/4741189575/profile?privateServerLinkCode=70765546157649273421062123607985,1,105,0,0,3,0,0,0,1,1,1,0,0,0.2571428571428571,0.08571428571428572,0.0,0.0
https://www.robiox.com.ua/communities/4183949668/IMNOT-Studio,1,61,0,0,3,0,0,0,1,1,1,1,0,0.375,0.0625,0.0,0.0
https://www.robiox.com.am/users/1385890291/profile,1,50,0,0,3,0,0,0,1,1,1,0,0,0.2571428571428571,0.08571428571428572,0.0,0.0
https://www.robiox.com.am/users/3530366660/profile,1,50,0,0,3,0,0,0,1,1,1,0,0,0.2571428571428571,0.08571428571428572,0.0,0.0
https://www.robiox.com.am/users/3054179743/profile,1,50,0,0,3,0,0,0,1,1,1,0,0,0.2571428571428571,0.08571428571428572,0.0,0.0
https://www.robiox.com.am/games/81861155741957/Fun-Combat-Undertale-event?privateServerLinkCode=65733188243440673271781762528738,1,128,0,0,3,0,0,0,1,1,1,1,0,0.4,0.2,0.0,0.0
https://www.robiox.com.am/games/76106209840076/Weird-Neko-Untitled-Game?privateServerLinkCode=82904708819135984126058441793717,1,126,0,0,3,0,0,0,1,1,1,1,0,0.4,0.2,0.0,0.0
https://www.robiox.com.am/games/131764904553992/Meet-Your-Neko-Stacy-Update?privateServerLinkCode=82904708819135984126058441793717,1,130,0,0,3,0,0,0,1,1,1,1,0,0.4,0.2,0.0,0.0
https://www.robiox.com.am/communities/4842778597/Artistique,1,59,0,0,3,0,0,0,1,1,1,1,0,0.375,0.0625,0.0,0.0
https://www.robiox.com.am/games/2753915549/UPDATE-Blox-Fruits?privateServerLinkCode=74457820261842037909343154072836,1,116,0,0,3,0,0,0,1,1,1,1,0,0.4,0.2,0.0,0.0
https://www.robiox.com.am/users/890556873/profile,1,49,0,0,3,0,0,0,1,1,1,0,0,0.2571428571428571,0.08571428571428572,0.0,0.0
https://www.robiox.com.am/games/14153443454/Meet-a-neko?privateServerLinkCode=88366169218765929428489401487517,1,110,0,0,3,0,0,0,1,1,1,1,0,0.4,0.2,0.0,0.0
https://www.robiox.com.am/communities/3139192103/Thefixds,1,57,0,0,3,0,0,0,1,1,1,1,0,0.375,0.0625,0.0,0.0
https://roblox.tc/games/9872472334/Evade?privateServerLinkCode=28586991372002819427568847834613,1,95,0,0,1,0,0,0,1,1,1,1,0,0.4,0.2,0.0,0.0
https://www.robiox.com.am/communities/1717646415/grveyrds,1,57,0,0,3,0,0,0,1,1,1,1,0,0.375,0.0625,0.0,0.0
https://roblox.tc/users/2527525628/profile,1,42,0,0,1,0,0,0,1,1,1,0,0,0.2571428571428571,0.08571428571428572,0.0,0.0
https://roblox.tc/users/7643981949/profile,1,42,0,0,1,0,0,0,1,1,1,0,0,0.2571428571428571,0.08571428571428572,0.0,0.0
https://roblox.tc/users/9018915488/profile,1,42,0,0,1,0,0,0,1,1,1,0,0,0.2571428571428571,0.08571428571428572,0.0,0.0
https://roblox.tc/communities/9442828240/Almaraket,1,50,0,0,1,0,0,0,1,1,1,1,0,0.375,0.0625,0.0,0.0
https://roblox.tc/communities/6514438931/VIP-Community,1,54,0,0,1,0,0,0,1,1,1,1,0,0.375,0.0625,0.0,0.0
https://roblox.tc/communities/4183949668/ADORStudio,1,51,0,0,1,0,0,0,1,1,1,1,0,0.375,0.0625,0.0,0.0
https://roblox.tc/games/109983668079237/Steal-a-Brainrot?privateServerLinkCode=11785002288393756828519739785973,1,111,0,0,1,0,0,0,1,1,1,1,0,0.4,0.2,0.0,0.0
https://roblox.tc/communities/2319943998/Blox-Forest,1,52,0,0,1,0,0,0,1,1,1,1,0,0.375,0.0625,0.0,0.0
https://roblox.com.tg/users/7125519574/profile,1,46,0,0,2,0,0,0,1,1,1,0,0,0.2571428571428571,0.08571428571428572,0.0,0.0
https://roblox.com.tg/users/6668520211/profile,1,46,0,0,2,0,0,0,1,1,1,0,0,0.2571428571428571,0.08571428571428572,0.0,0.0
https://r.oblox.com.kz/games/2753915549/Blox-Fruits?privateServerLinkCode=96614729681849927647801205793898,1,106,0,0,3,0,0,0,1,0,0,0,0,0.0,0.0,0.0,0.0
https://roblox.com.tg/users/5014326981/profile,1,46,0,0,2,0,0,0,1,1,1,0,0,0.2571428571428571,0.08571428571428572,0.0,0.0
https://roblox.com.ml/games/88647471069032/Neko-Line-Simulator?privateServerLinkCode=38686420776001887645184392452348,1,117,0,0,2,0,0,0,1,1,1,1,0,0.4,0.2,0.0,0.0
https://roblox.com.ml/users/9185902031/profile,1,46,0,0,2,0,0,0,1,1,1,0,0,0.2571428571428571,0.08571428571428572,0.0,0.0
https://roblox.com.tg/communities/9262028436/AlvinBilat,1,55,0,0,2,0,0,0,1,1,1,1,0,0.375,0.0625,0.0,0.0
https://roblox.com.tg/communities/3534302254/VOLTRAGEPLAYERS,1,60,0,0,2,0,0,0,1,1,1,1,0,0.375,0.0625,0.0,0.0
https://nlink.at/iOIQ,1,21,0,0,1,0,0,0,1,1,1,0,0,0.3181818181818182,0.13636363636363635,0.0,0.0
https://clik.now/pJmZ,1,21,0,0,1,0,0,0,1,1,1,0,0,0.3888888888888889,0.16666666666666666,0.0,0.0
https://roblox.com.ml/games/88270880256027/WORKING-SUSSY-SWAP-SIMULATOR-2?privateServerLinkCode=28754703996268070806420744939287,1,128,0,0,2,0,0,0,1,1,1,1,0,0.4,0.2,0.0,0.0
https://roblox.com.ml/users/1043993178/profile,1,46,0,0,2,0,0,0,1,1,1,0,0,0.2571428571428571,0.08571428571428572,0.0,0.0
http://www.tinyurl.com/rblx-vip-server/,1,39,0,0,2,0,0,0,0,1,1,0,0,0.3888888888888889,0.16666666666666666,0.0,0.0
https://robiox.com.am/games/109983668079237/Steal-a-Brainrot?privateServerLinkCode=75199930729162956437430278832451,1,115,0,0,2,0,0,0,1,1,1,1,0,0.4,0.2,0.0,0.0
http://www.robiox.com.tg/users/448254094966/profile,1,51,0,0,3,0,0,0,0,1,1,0,0,0.3,0.1,0.0,0.0
http://www.robiox.com.tg/users/493641197662/profile,1,51,0,0,3,0,0,0,0,1,1,0,0,0.2903225806451613,0.0967741935483871,0.0,0.0
http://www.robiox.com.tg/users/372202295587/profile/,1,52,0,0,3,0,0,0,0,1,1,0,0,0.25925925925925924,0.1111111111111111,0.0,0.0
https://www.robiox.com.ua/users/5276087801/profile,1,50,0,0,3,0,0,0,1,1,1,0,0,0.2571428571428571,0.08571428571428572,0.0,0.0
https://nlink.at/QP02,1,21,0,0,1,0,0,0,1,1,1,0,0,0.2571428571428571,0.08571428571428572,0.0,0.0
