url,label,A1,A2,A3,A4,A5,A6,A7,A8,A9,A10,A12,A14,A13,A15,A17,A25,A18,A19,A21,A23,A22,A24
123rf.com,0,17,0,0,1,0,0,0,1,6,650702257079.674,4,46,0,0,0,1,1,0,0.014925373134328358,0.0,0.058823529411764705,0.0
3ds.com,0,15,0,0,1,0,0,0,1,6,953649181344.766,4,55,0,0,0,1,0,1,0.07142857142857142,0.0,0.0,0.0
4shared.com,0,19,0,0,1,0,0,0,1,6,655205152491.094,4,3136,0,0,0,1,0,0,0.04081632653061224,0.04081632653061224,0.0,0.0
abcnews.go.com,0,22,0,0,2,0,0,0,1,7,876317602268.712,4,57,0,0,0,1,1,0,0.03806228373702422,0.0034602076124567475,0.023255813953488372,0.0
about.com,0,17,0,0,1,0,0,0,1,5,839424824059.008,2,295,2,295,0,1,1,1,0.03333333333333333,0.0,0.08333333333333333,0.0
abril.com.br,0,20,0,0,2,0,0,0,1,5,960057213657.621,1,150,0,0,0,1,0,0,0.061224489795918366,0.0,0.043478260869565216,0.0
academia.edu,0,20,0,0,1,0,0,0,1,7,834345217642.415,4,56,0,0,1,1,1,0,0.053156146179401995,0.0033222591362126247,0.0,0.0
accounts.google.com,0,27,0,0,2,0,0,0,1,9,886343622260.738,1,249,1,93,0,1,1,0,0.16666666666666666,0.0,0.3333333333333333,0.0
addtoany.com,0,20,0,0,1,0,0,0,1,6,618659156112.5961,2,296,2,296,0,1,1,1,0.08450704225352113,0.0,0.0,0.0
adobe.com,0,17,0,0,1,0,0,0,1,8,1228052033893.927,2,13,2,14,0,1,1,0,0.1111111111111111,0.0,0.0,0.0
ads.google.com,0,22,0,0,2,0,0,0,1,8,886343640210.9099,1,101,1,16,0,1,0,0,0.057803468208092484,0.06358381502890173,0.03225806451612903,0.0
adssettings.google.com,0,30,0,0,2,0,0,0,1,7,886343649321.146,1,279,1,285,0,1,1,0,0.18181818181818182,0.0,0.0,0.0
afternic.com,0,20,0,0,1,0,0,0,1,5,839338456679.883,1,3593,0,0,0,1,0,1,0.10256410256410256,0.02564102564102564,0.1111111111111111,0.0
airbnb.com,0,18,0,0,1,0,0,0,1,8,542718322703.298,2,294,0,0,0,1,1,0,0.07692307692307693,0.38461538461538464,0.0,0.0
aliexpress.com,0,22,0,0,1,0,0,0,1,7,615428282826.0911,2,595,0,0,0,0,0,0,0.0,0.0,0.0,0.0
amazon.ca,0,17,0,0,1,0,0,0,1,7,791250614825.3191,3,895,0,0,0,1,0,0,0.5,0.0,0.0,0.0
amazon.co.jp,0,20,0,0,2,0,0,0,1,7,722802898806.8219,3,895,0,0,0,1,0,0,0.5,0.0,0.0,0.0
amazon.co.uk,0,20,0,0,2,0,0,0,1,8,921782104322.0089,3,36,0,0,0,1,0,0,0.5,0.0,0.0,0.0
amazon.com,0,18,0,0,1,0,0,0,1,9,976973712312.2161,3,814,0,0,0,1,0,0,0.5,0.0,0.0,0.0
amazon.fr,0,17,0,0,1,0,0,0,1,7,552302597530.062,3,894,0,0,0,1,0,0,0.5,0.0,0.0,0.0
amazon.it,0,17,0,0,1,0,0,0,1,7,810498934793.342,3,893,0,0,0,1,0,0,0.5,0.0,0.0,0.0
ameblo.jp,0,17,0,0,1,0,0,0,1,7,669494173713.714,2,22,0,0,1,1,1,0,0.047619047619047616,0.006802721088435374,0.1111111111111111,0.0
amzn.to,0,15,0,0,1,0,0,0,1,8,492258542720.202,2,634,0,0,0,1,0,0,0.5,0.0,0.0,0.0
android.com,0,19,0,0,1,0,0,0,1,7,893601388462.52,1,271,1,294,1,1,1,0,0.08433734939759036,0.012048192771084338,0.06666666666666667,0.0
answers.com,0,19,0,0,1,0,0,0,1,6,928075014662.627,4,3592,0,0,1,1,0,1,0.14354066985645933,0.13875598086124402,0.0,0.0
aol.com,0,15,0,0,1,0,0,0,1,7,956846202764.593,2,1272,0,0,0,1,0,0,0.01910828025477707,0.0021231422505307855,0.03125,0.0
apache.org,0,18,0,0,1,0,0,0,1,7,963067016378.08,1,1786,1,1786,0,1,1,1,0.040697674418604654,0.20930232558139536,0.04081632653061224,0.0
apple.com,0,17,0,0,1,0,0,0,1,8,1219930621186.2732,1,881,1,101,0,1,1,0,0.03305785123966942,0.0,0.02702702702702703,0.0
archive.org,0,19,0,0,1,0,0,0,1,8,941722624600.811,1,118,0,0,0,0,0,1,0.0,0.0,0.0,0.0
aruba.it,0,16,0,0,1,0,0,0,1,5,816115034501.089,1,590,0,0,1,1,1,0,0.020833333333333332,0.05654761904761905,0.02564102564102564,0.0
arxiv.org,0,17,0,0,1,0,0,0,1,8,845818639078.591,4,296,0,0,0,1,1,1,0.011494252873563218,0.0038314176245210726,0.1,0.0
as.com,0,14,0,0,1,0,0,0,1,6,879428243029.0441,2,16,2,16,0,1,1,0,0.03116883116883117,0.0,0.0,0.0
asahi.com,0,17,0,0,1,0,0,0,1,6,953649449798.3561,1,13,0,0,1,1,0,0,0.005154639175257732,0.002577319587628866,0.013333333333333334,0.0
asus.com,0,16,0,0,1,0,0,0,1,7,946046255828.0669,1,86394,0,0,1,1,0,0,0.038461538461538464,0.0,0.0,0.0
automattic.com,0,22,0,0,1,0,0,0,1,7,673020094612.877,2,296,0,0,0,1,1,1,0.08620689655172414,0.017241379310344827,0.0,0.0
bandcamp.com,0,20,0,0,1,0,0,0,1,7,705283276047.883,4,77046,0,0,0,1,1,0,0.01904761904761905,0.009523809523809525,0.043478260869565216,0.0
barnesandnoble.com,0,26,0,0,1,0,0,0,1,7,952612685345.883,1,296,0,0,1,1,1,0,0.2086677367576244,0.2086677367576244,0.0,0.0
bbc.co.uk,0,17,0,0,2,0,0,0,1,8,921782289621.047,4,296,4,296,0,1,1,0,0.0213903743315508,0.0213903743315508,0.043478260869565216,0.0
bbc.com,0,15,0,0,1,0,0,0,1,8,1144161505104.4468,4,33,4,104,0,1,1,0,0.01702127659574468,0.00425531914893617,0.03571428571428571,0.0
behance.net,0,19,0,0,1,0,0,0,1,8,629333578048.7649,4,292,0,0,0,0,0,0,0.0,0.0,0.0,0.0
bfmtv.com,0,17,0,0,1,0,0,0,1,6,660102970712.2579,3,54,0,0,0,1,1,1,0.021791767554479417,0.0,0.017857142857142856,0.0
bing.com,0,16,0,0,1,0,0,0,1,8,937748310517.364,2,3487,2,2094,0,1,0,0,1.0,0.0,0.0,0.0
bit.ly,0,14,0,0,1,0,0,0,1,9,549578316408.53503,2,89,0,0,0,1,0,0,0.05102040816326531,0.05102040816326531,0.018867924528301886,0.009433962264150943
blackberry.com,0,22,0,0,1,0,0,0,1,6,970061923583.187,1,23,0,0,1,1,0,1,0.057971014492753624,0.014492753623188406,0.06666666666666667,0.0
booking.com,0,19,0,0,1,0,0,0,1,8,867854334375.252,4,47,0,0,1,1,0,0,0.013392857142857142,0.017857142857142856,0.03773584905660377,0.0
books.google.com,0,24,0,0,2,0,0,0,1,7,886343939884.7529,1,295,1,295,0,1,0,1,0.07692307692307693,0.0,0.0,0.0
britannica.com,0,22,0,0,1,0,0,0,1,7,957537550713.354,2,52,0,0,1,1,1,0,0.015384615384615385,0.0,0.06666666666666667,0.0
business.google.com,0,27,0,0,2,0,0,0,1,7,886343956150.9989,1,295,1,217,0,1,1,0,0.06976744186046512,0.023255813953488372,0.5,0.0
businessinsider.com,0,27,0,0,1,0,0,0,1,8,871479560942.7871,4,14396,0,0,1,1,1,1,0.01809954751131222,0.03167420814479638,0.14285714285714285,0.0
buzzfeed.com,0,20,0,0,1,0,0,0,1,7,731894335897.234,4,296,0,0,1,1,0,0,0.04827586206896552,0.006896551724137931,0.0,0.0
ca.gov,0,14,0,0,1,0,0,0,1,6,884884210922.525,2,55,2,51,0,1,1,1,0.03571428571428571,0.10714285714285714,0.2,0.0
calameo.com,0,19,0,0,1,0,0,0,1,6,577605909139.25,1,293,0,0,1,1,1,0,0.07142857142857142,0.07142857142857142,0.06896551724137931,0.06896551724137931
canada.ca,0,17,0,0,1,0,0,0,1,7,722384582068.767,4,292,0,0,0,1,1,1,0.25,0.0,0.0,0.0
cbc.ca,0,14,0,0,1,0,0,0,1,7,788935429968.7589,1,16,0,0,0,1,1,1,0.10784313725490197,0.0392156862745098,0.05405405405405406,0.0
cbslocal.com,0,20,0,0,1,0,0,0,1,4,635385502066.383,4,295,0,0,0,1,1,0,0.014778325123152709,0.034482758620689655,0.05,0.05
cbsnews.com,0,19,0,0,1,0,0,0,1,7,979396804277.9451,4,56,0,0,1,1,0,0,0.020477815699658702,0.023890784982935155,0.045454545454545456,0.045454545454545456
cdc.gov,0,15,0,0,1,0,0,0,1,8,884884248617.942,2,14,2,15,0,1,0,1,0.03474903474903475,0.06177606177606178,0.0380952380952381,0.09523809523809523
change.org,0,18,0,0,1,0,0,0,1,7,970234817297.467,2,293,0,0,0,1,1,0,0.043010752688172046,0.0,0.027777777777777776,0.0
chaturbate.com,0,22,0,0,1,0,0,0,1,5,461948963033.183,2,296,2,48,0,1,1,0,0.5844155844155844,0.025974025974025976,0.0,0.0
clarin.com,0,18,0,0,1,0,0,0,1,6,952094425751.358,2,296,2,296,1,1,1,0,0.01567398119122257,0.0,0.045454545454545456,0.0
cloudflare.com,0,22,0,0,1,0,0,0,1,9,525731555286.15497,2,182,2,294,0,1,1,0,0.014184397163120567,0.0,0.029411764705882353,0.0
cnbc.com,0,16,0,0,1,0,0,0,1,8,885048036233.585,3,47,0,0,0,1,0,0,0.022058823529411766,0.007352941176470588,0.05555555555555555,0.0
cnet.com,0,16,0,0,1,0,0,0,1,7,997796440867.488,2,296,0,0,0,1,1,0,0.010825439783491205,0.0040595399188092015,0.012345679012345678,0.006172839506172839
cnil.fr,0,15,0,0,1,0,0,0,1,6,882560445086.524,2,296,2,296,0,1,1,1,0.026143790849673203,0.006535947712418301,0.04,0.0
cnn.com,0,15,0,0,1,0,0,0,1,8,1011969649414.132,4,55,8,126,0,1,0,0,0.018867924528301886,0.018867924528301886,0.033783783783783786,0.033783783783783786
code.google.com,0,23,0,0,2,0,0,0,1,8,886344056347.295,1,294,1,294,0,1,0,0,0.25,0.0,0.5,0.0
cornell.edu,0,19,0,0,1,0,0,0,1,6,1270406484017.945,6,86394,0,0,1,1,1,0,0.026143790849673203,0.032679738562091505,0.08823529411764706,0.08823529411764706
correios.com.br,0,23,0,0,2,0,0,0,1,6,882470473426.319,1,23,0,0,1,1,0,0,0.03755868544600939,0.03755868544600939,0.0,0.0
corriere.it,0,19,0,0,1,0,0,0,1,6,937766479909.531,1,295,0,0,1,1,0,0,0.013828867761452032,0.001728608470181504,0.03571428571428571,0.0
cpanel.com,0,18,0,0,1,0,0,0,1,5,808531537061.001,2,286,2,286,0,1,0,0,0.05263157894736842,0.021052631578947368,0.03636363636363636,0.0
cpanel.net,0,18,0,0,1,0,0,0,1,6,786648566037.902,2,269,0,0,0,1,0,0,0.05263157894736842,0.021052631578947368,0.03636363636363636,0.0
creativecommons.org,0,27,0,0,1,0,0,0,1,9,781062614145.7,2,295,2,295,1,1,1,1,0.057971014492753624,0.014492753623188406,0.0,0.0
cutt.ly,0,15,0,0,1,0,0,0,1,7,244759339772.899,2,296,2,296,0,1,1,1,0.11290322580645161,0.10483870967741936,0.058823529411764705,0.029411764705882353
dailymotion.com,0,23,0,0,1,0,0,0,1,7,649714400737.913,1,85012,0,0,0,1,1,1,0.025477707006369428,0.006369426751592357,0.0,0.0
dailystar.co.uk,0,23,0,0,2,0,0,0,1,6,921782565496.7579,2,54,0,0,0,1,0,1,0.031914893617021274,0.0035460992907801418,1.0,0.0
de.wikipedia.org,0,24,0,0,2,0,0,0,1,8,781295434408.555,1,143,1,24,0,1,1,1,0.03515625,0.09375,0.07142857142857142,0.0
deezer.com,0,18,0,0,1,0,0,0,1,8,685235118167.621,4,27,0,0,1,1,0,0,0.09722222222222222,0.0,0.02127659574468085,0.0
developers.google.com,0,29,0,0,2,0,0,0,1,9,886344183759.267,1,135,1,174,0,1,1,1,0.25,0.011363636363636364,0.0,0.0
discord.com,0,19,0,0,1,0,0,0,1,8,787129066909.233,5,160,0,0,0,1,1,0,0.032520325203252036,0.032520325203252036,0.0,0.0
discord.gg,0,18,0,0,1,0,0,0,1,8,335649041237.434,5,255,0,0,0,1,1,0,0.032520325203252036,0.032520325203252036,0.0,0.0
disqus.com,0,18,0,0,1,0,0,0,1,7,595165242861.24,4,2485,0,0,1,0,0,0,0.0,0.0,0.0,0.0
docs.google.com,0,23,0,0,2,0,0,0,1,9,886344202904.453,1,251,1,169,0,1,1,0,0.16666666666666666,0.0,0.3333333333333333,0.0
doi.org,0,15,0,0,1,0,0,0,1,8,843918206434.3981,3,296,3,296,0,1,1,1,0.1,0.0,0.16666666666666666,0.0
doubleclick.net,0,23,0,0,1,0,0,0,1,5,938871812104.888,1,296,1,124,1,1,1,0,0.058823529411764705,0.0,0.06451612903225806,0.0
dovendi.com,0,19,0,0,1,0,0,0,1,2,92035390644.09099,1,3594,1,3594,0,1,1,1,0.08333333333333333,0.0,0.03571428571428571,0.0
draft.blogger.com,0,25,0,0,2,0,0,0,1,6,830566744740.4409,1,53,1,230,0,1,1,1,0.1875,0.125,0.1111111111111111,0.0
dreamstime.com,0,22,0,0,1,0,0,0,1,6,799875075870.8611,1,771,0,0,0,0,0,0,0.0,0.0,0.0,0.0
dribbble.com,0,20,0,0,1,0,0,0,1,7,554688047393.778,4,3595,8,182,0,1,1,0,0.19576719576719576,0.026455026455026454,0.0,0.0
drive.google.com,0,24,0,0,2,0,0,0,1,10,886344239379.2681,1,147,1,209,0,1,1,0,0.16666666666666666,0.0,0.3333333333333333,0.0
dropbox.com,0,19,0,0,1,0,0,0,1,8,956328245583.418,1,27,1,44,0,1,1,0,0.031746031746031744,0.015873015873015872,0.038461538461538464,0.019230769230769232
dropcatch.com,0,21,0,0,1,0,0,0,1,4,695780408576.894,2,295,2,295,0,0,0,1,0.0,0.0,0.0,0.0
dw.com,0,14,0,0,1,0,0,0,1,7,973863856618.814,2,294,0,0,0,0,0,1,0.0,0.0,0.0,0.0
ea.com,0,14,0,0,1,0,0,0,1,6,1025880261049.161,1,16,2,16,0,1,0,1,0.023809523809523808,0.0,0.04,0.0
ebay.co.uk,0,18,0,0,2,0,0,0,1,6,854909065861.055,2,15,0,0,0,1,0,0,0.03529411764705882,0.011764705882352941,0.2,0.0
ebay.com,0,16,0,0,1,0,0,0,1,7,953131470799.148,2,4,0,0,1,1,0,0,0.044534412955465584,0.008097165991902834,0.2,0.0
ehow.com,0,16,0,0,1,0,0,0,1,6,849447877465.292,2,295,2,295,0,1,1,0,0.012345679012345678,0.0,0.1,0.0
elpais.com,0,18,0,0,1,0,0,0,1,7,776848333189.6599,2,16,2,16,0,1,1,0,0.028446389496717725,0.002188183807439825,0.08333333333333333,0.0
en.wikipedia.org,0,24,0,0,2,0,0,0,1,9,781295557105.749,1,71,1,53,0,1,1,1,0.013392857142857142,0.01488095238095238,0.13333333333333333,0.0
enable-javascript.com,0,29,0,0,1,1,0,0,1,6,507589775334.50104,1,295,0,0,0,1,1,0,0.2553191489361702,0.3191489361702128,0.0,0.0
engadget.com,0,20,0,0,1,0,0,0,1,7,685758706379.879,2,295,0,0,0,1,1,0,0.031578947368421054,0.0,0.043478260869565216,0.0
eonline.com,0,19,0,0,1,0,0,0,1,6,950712307513.8169,2,16,0,0,0,1,1,1,0.05,0.0,0.04,0.0
es.wikipedia.org,0,24,0,0,2,0,0,0,1,7,781295577161.733,1,52,1,63,0,1,1,1,0.023076923076923078,0.02564102564102564,0.07142857142857142,0.0
espn.com,0,16,0,0,1,0,0,0,1,7,979397115147.557,4,56,8,56,0,1,1,0,0.03763440860215054,0.03763440860215054,1.0,1.0
estadao.com.br,0,22,0,0,2,0,0,0,1,6,889296317963.068,2,17,0,0,1,1,0,1,0.009652509652509652,0.0,0.06060606060606061,0.0
eventbrite.com,0,22,0,0,1,0,0,0,1,8,622411644143.356,4,55,0,0,0,1,0,0,0.022727272727272728,0.011363636363636364,0.03571428571428571,0.03571428571428571
example.com,0,19,0,0,1,0,0,0,1,7,952267533503.0499,6,181,6,78,0,1,0,0,1.0,0.0,0.0,0.0
express.co.uk,0,21,0,0,2,0,0,0,1,6,921782741551.4601,4,53,8,53,1,1,1,0,0.01,0.0,0.015384615384615385,0.0
facebook.com,0,20,0,0,1,0,0,0,1,10,901028745328.388,1,26,1,12,0,1,1,0,0.047619047619047616,0.047619047619047616,0.0,0.0
fandom.com,0,18,0,0,1,0,0,0,1,6,915633969071.981,2,54,0,0,1,1,0,0,0.03773584905660377,0.0,0.06896551724137931,0.0
fb.com,0,14,0,0,1,0,0,0,1,7,1117291578101.9531,1,51,1,51,0,1,1,0,0.047619047619047616,0.047619047619047616,0.0,0.0
fda.gov,0,15,0,0,1,0,0,0,1,7,795990041316.002,2,14,2,14,1,1,1,0,0.017391304347826087,0.043478260869565216,0.02857142857142857,0.0
feedburner.com,0,22,0,0,1,0,0,0,1,6,690294968569.25,1,293,1,293,0,0,0,0,0.0,0.0,0.0,0.0
fifa.com,0,16,0,0,1,0,0,0,1,6,952699580920.959,2,293,2,293,0,0,0,1,0.0,0.0,0.0,0.0
files.wordpress.com,0,27,0,0,2,0,0,0,1,4,808554808748.805,1,288,0,0,0,1,0,0,0.01910828025477707,0.006369426751592357,0.5,0.0
finance.yahoo.com,0,25,0,0,2,0,0,0,1,7,970235201065.431,4,30,4,21,0,1,1,1,0.0075,0.005,0.037037037037037035,0.0
firefox.com,0,19,0,0,1,0,0,0,1,6,852994005274.32,1,597,0,0,0,1,1,0,0.02112676056338028,0.007042253521126761,0.03225806451612903,0.0
forbes.com,0,18,0,0,1,0,0,0,1,8,1020350813294.48,4,86397,0,0,0,1,0,0,0.011306532663316583,0.002512562814070352,0.017543859649122806,0.017543859649122806
fortune.com,0,19,0,0,1,0,0,0,1,7,990110820313.962,4,53,0,0,1,1,1,1,0.03867403314917127,0.0055248618784530384,0.05357142857142857,0.0
foxnews.com,0,19,0,0,1,0,0,0,1,7,956933245456.684,1,3593,0,0,0,1,0,0,0.007709251101321586,0.005506607929515419,1.0,0.0
fr.wikipedia.org,0,24,0,0,2,0,0,0,1,8,781295697113.155,1,118,1,67,0,1,1,1,0.01483679525222552,0.01483679525222552,0.058823529411764705,0.0
francetvinfo.fr,0,23,0,0,1,0,0,0,1,6,540962629096.87805,1,86391,0,0,0,1,1,0,0.08208955223880597,0.08955223880597014,0.041666666666666664,0.0
frontiersin.org,0,23,0,0,1,0,0,0,1,7,620958473863.7789,1,292,0,0,1,1,1,1,0.046296296296296294,0.009259259259259259,0.041666666666666664,0.0
ft.com,0,14,0,0,1,0,0,0,1,7,974468855888.776,4,3594,0,0,1,1,1,0,0.014760147601476014,0.012915129151291513,0.02631578947368421,0.0
g.co,0,12,0,0,1,0,0,0,1,8,488372227324.301,1,243,1,207,0,1,0,0,0.6666666666666666,0.0,0.0,0.0
get.google.com,0,22,0,0,2,0,0,0,1,6,886344490470.539,1,292,1,85,0,1,1,0,0.06896551724137931,0.0,0.0,0.0
getbootstrap.com,0,24,0,0,1,0,0,0,1,6,434408746460.874,2,71,2,292,0,1,1,1,0.046511627906976744,0.011627906976744186,0.07692307692307693,0.0
github.com,0,18,0,0,1,0,0,0,1,10,568686435919.146,1,53,0,0,0,1,1,0,0.05555555555555555,0.013888888888888888,0.09259259259259259,0.0
gizmodo.com,0,19,0,0,1,0,0,0,1,7,735097861764.474,3,295,3,294,0,1,1,1,0.01858736059479554,0.022304832713754646,0.1111111111111111,0.1111111111111111
globo.com,0,17,0,0,1,0,0,0,1,6,846424095372.508,1,3492,0,0,1,1,0,0,0.007874015748031496,0.005249343832020997,0.14285714285714285,0.0
gmail.com,0,17,0,0,1,0,0,0,1,8,952354105304.759,1,47,1,34,0,1,1,0,0.16666666666666666,0.0,0.3333333333333333,0.0
gnu.org,0,15,0,0,1,0,0,0,1,7,943451313307.5431,1,1793,1,1793,0,1,1,1,0.017699115044247787,0.07964601769911504,0.0,0.0
gofundme.com,0,20,0,0,1,0,0,0,1,7,496521225642.596,4,56,0,0,0,1,1,0,0.04672897196261682,0.009345794392523364,0.020833333333333332,0.0
goodreads.com,0,21,0,0,1,0,0,0,1,8,721206788833.894,3,55,0,0,0,1,1,0,0.022388059701492536,0.007462686567164179,0.058823529411764705,0.0
google.ca,0,17,0,0,1,0,0,0,1,7,790014449933.514,1,297,1,297,0,1,1,0,0.06896551724137931,0.0,0.0,0.0
google.co.in,0,20,0,0,2,0,0,0,1,7,704263596313.9419,1,296,1,296,0,1,1,0,0.06896551724137931,0.0,0.0,0.0
google.co.jp,0,20,0,0,2,0,0,0,1,7,775421354703.722,1,296,1,296,0,1,1,0,0.06896551724137931,0.0,0.0,0.0
google.co.uk,0,20,0,0,2,0,0,0,1,7,841690175622.137,1,162,1,280,0,1,1,0,0.06896551724137931,0.0,0.0,0.0
google.com.br,0,21,0,0,2,0,0,0,1,7,833654961010.739,1,21,1,165,0,1,1,0,0.06896551724137931,0.0,0.0,0.0
google.fr,0,17,0,0,1,0,0,0,1,7,795991771623.2001,1,296,1,296,0,1,1,0,0.06896551724137931,0.0,0.0,0.0
google.it,0,17,0,0,1,0,0,0,1,7,815856575352.7451,1,297,1,297,0,1,1,0,0.06896551724137931,0.0,0.0,0.0
google.nl,0,17,0,0,1,0,0,0,1,7,832877379485.2839,1,296,1,296,0,1,1,0,0.06896551724137931,0.0,0.0,0.0
google.pl,0,17,0,0,1,0,0,0,1,6,728200184637.927,1,295,1,295,0,1,1,0,0.06896551724137931,0.0,0.0,0.0
google.ru,0,17,0,0,1,0,0,0,1,7,682293017550.737,1,285,1,285,0,1,1,0,0.06896551724137931,0.0,0.0,0.0
googleblog.com,0,22,0,0,1,0,0,0,1,4,735317288148.978,1,293,1,293,1,1,1,0,0.01694915254237288,0.00423728813559322,0.08333333333333333,0.0
gravatar.com,0,20,0,0,1,0,0,0,1,7,670715544458.7839,4,55,0,0,0,1,1,1,0.1282051282051282,0.02564102564102564,0.10526315789473684,0.05263157894736842
greenpeace.org,0,22,0,0,1,0,0,0,1,7,1052059817015.407,1,596,0,0,1,1,0,1,0.5,0.5,0.0,0.0
groups.google.com,0,25,0,0,2,0,0,0,1,8,886344622108.688,4,120,4,208,0,1,1,0,0.16666666666666666,0.0,0.3333333333333333,0.0
guardian.co.uk,0,22,0,0,2,0,0,0,1,6,921783045935.648,4,3594,0,0,0,1,1,0,0.012048192771084338,0.009036144578313253,0.0,0.0
harvard.edu,0,19,0,0,1,0,0,0,1,6,1271962232224.955,1,297,0,0,1,1,0,0,0.01744186046511628,0.005813953488372093,0.06666666666666667,0.0
hatena.ne.jp,0,20,0,0,2,0,0,0,1,5,365539839118.639,2,53,0,0,1,1,0,1,0.0925,0.0,0.05555555555555555,0.0
hindustantimes.com,0,26,0,0,1,0,0,0,1,6,920645448968.39,1,13,0,0,1,1,0,0,0.03038309114927345,0.031704095112285335,0.011494252873563218,0.0
hm.com,0,14,0,0,1,0,0,0,1,6,881157053588.856,1,15,2,15,0,1,1,1,0.010309278350515464,0.010309278350515464,0.0,0.0
hollywoodreporter.com,0,29,0,0,1,0,0,0,1,7,954082258169.022,1,296,0,0,1,1,0,0,0.017721518987341773,0.015189873417721518,0.047619047619047616,0.023809523809523808
home.pl,0,15,0,0,1,0,0,0,1,5,879317462277.875,1,3597,0,0,0,1,1,1,0.04609929078014184,0.0,0.041666666666666664,0.0
hotmart.com,0,19,0,0,1,0,0,0,1,6,620263864962.548,4,55,0,0,1,1,1,1,0.07936507936507936,0.047619047619047616,0.05555555555555555,0.027777777777777776
house.gov,0,17,0,0,1,0,0,0,1,6,884884911826.25,2,3592,0,0,1,1,1,1,0.014492753623188406,0.03864734299516908,0.1,0.0
hp.com,0,14,0,0,1,0,0,0,1,6,1250430685783.241,4,12,0,0,1,1,0,1,0.04433497536945813,0.04433497536945813,0.0,0.0
huawei.com,0,18,0,0,1,0,0,0,1,6,813042848800.532,1,593,1,593,0,1,1,1,0.09482758620689655,0.021551724137931036,0.05555555555555555,0.027777777777777776
hubspot.com,0,19,0,0,1,0,0,0,1,7,652920550002.005,2,295,2,295,0,1,0,0,0.01694915254237288,0.00423728813559322,0.016129032258064516,0.0
huffingtonpost.com,0,26,0,0,1,0,0,0,1,7,650166293423.396,4,292,0,0,0,1,0,1,0.00964630225080386,0.003215434083601286,0.047619047619047616,0.0
huffpost.com,0,20,0,0,1,0,0,0,1,7,650166289174.4979,4,287,0,0,0,1,0,1,0.00964630225080386,0.003215434083601286,0.047619047619047616,0.0
ibm.com,0,15,0,0,1,0,0,0,1,8,1249048331141.33,1,17,2,20,1,1,0,0,0.02631578947368421,0.0,0.0,0.0
id.wikipedia.org,0,24,0,0,2,0,0,0,1,6,781296010130.4291,1,140,1,160,0,1,1,1,0.0136986301369863,0.015220700152207,0.08333333333333333,0.0
ig.com.br,0,17,0,0,2,0,0,0,1,4,866314371068.251,1,290,0,0,1,1,0,0,0.007575757575757576,0.0025252525252525255,0.0,0.0
ign.com,0,15,0,0,1,0,0,0,1,7,859301580597.6539,4,3591,0,0,0,1,0,0,0.03225806451612903,0.0,0.5,0.0
ikea.com,0,16,0,0,1,0,0,0,1,7,953650385378.958,2,174,2,61,0,1,0,0,0.012345679012345678,0.006172839506172839,0.1,0.0
imageshack.us,0,21,0,0,1,0,0,0,1,6,691963126344.39,2,293,0,0,1,1,1,1,0.125,0.0625,0.0,0.0
imdb.com,0,16,0,0,1,0,0,0,1,8,939822788283.682,3,889,0,0,0,1,1,0,0.01652892561983471,0.0,0.07692307692307693,0.0
indiatimes.com,0,22,0,0,1,0,0,0,1,6,912002018226.486,1,1,2,1,0,1,0,0,0.038461538461538464,0.0,0.047619047619047616,0.0
insider.com,0,19,0,0,1,0,0,0,1,6,895071225833.651,4,3593,0,0,1,1,1,1,0.01809954751131222,0.03167420814479638,0.14285714285714285,0.0
instagram.com,0,21,0,0,1,0,0,0,1,10,674284614645.6229,1,9,1,33,0,0,0,0,0.0,0.0,0.0,0.0
instructables.com,0,25,0,0,1,0,0,0,1,7,641239387983.9031,4,894,0,0,0,1,1,1,0.05,0.0,0.05,0.0
intel.com,0,17,0,0,1,0,0,0,1,7,1248530051110.648,1,290,0,0,0,1,1,1,0.045454545454545456,0.015151515151515152,0.043478260869565216,0.0
interia.pl,0,18,0,0,1,0,0,0,1,5,821339658291.4979,2,3594,0,0,1,1,0,0,0.03551401869158879,0.014953271028037384,0.07142857142857142,0.0
ipv4.google.com,0,23,0,0,2,0,0,0,1,5,886344866225.9341,1,293,0,0,0,1,1,0,0.06896551724137931,0.0,0.0,0.0
issuu.com,0,17,0,0,1,0,0,0,1,8,583643683406.3899,4,3593,0,0,0,1,1,1,0.03305785123966942,0.0,0.04,0.0
istockphoto.com,0,23,0,0,1,0,0,0,1,7,813496881420.1649,4,54,0,0,1,1,1,1,0.5,0.0,0.0,0.0
it.wikipedia.org,0,24,0,0,2,0,0,0,1,7,781296171192.3309,1,3,1,151,0,1,1,1,0.017374517374517374,0.019305019305019305,0.08333333333333333,0.0
itch.io,0,15,0,0,1,0,0,0,1,6,440881174585.469,3,294,3,294,0,1,1,1,0.013513513513513514,0.002702702702702703,0.0,0.0
ja.wikipedia.org,0,24,0,0,2,0,0,0,1,7,781296169215.317,1,165,1,171,0,1,1,1,0.022556390977443608,0.02506265664160401,0.07142857142857142,0.0
jotform.com,0,19,0,0,1,0,0,0,1,7,629063005695.8931,2,285,2,285,1,1,1,0,0.012345679012345678,0.0,0.015625,0.0
kompas.com,0,18,0,0,1,0,0,0,1,6,941378144097.067,4,54,0,0,1,1,0,0,0.01735357917570499,0.03036876355748373,0.0,0.0
latimes.com,0,19,0,0,1,0,0,0,1,7,1099662955359.493,2,109,0,0,0,1,0,1,0.016055045871559634,0.0022935779816513763,0.038461538461538464,0.0
lavanguardia.com,0,24,0,0,1,0,0,0,1,6,699927773774.599,2,17991,0,0,0,1,1,0,0.019543973941368076,0.003257328990228013,0.034482758620689655,0.0
lefigaro.fr,0,19,0,0,1,0,0,0,1,6,920667366410.272,2,11,2,11,1,1,0,1,0.005813953488372093,0.02180232558139535,0.0425531914893617,0.0
lemonde.fr,0,18,0,0,1,0,0,0,1,7,637648799618.208,1,52,0,0,1,1,0,0,0.022535211267605635,0.022535211267605635,0.02702702702702703,0.0
leparisien.fr,0,21,0,0,1,0,0,0,1,6,526447615508.05005,2,43190,0,0,1,1,1,1,0.0073937153419593345,0.0018484288354898336,0.0125,0.0
lexpress.fr,0,19,0,0,1,0,0,0,1,6,857681796579.259,2,43193,0,0,0,1,1,1,0.0219435736677116,0.003134796238244514,0.043478260869565216,0.0
line.me,0,15,0,0,1,0,0,0,1,7,551148933371.421,1,295,0,0,1,1,1,1,0.125,0.0,0.0,0.0
linkedin.com,0,20,0,0,1,0,0,0,1,10,724389515540.449,1,53,1,204,0,1,0,0,0.012738853503184714,0.006369426751592357,0.1111111111111111,0.0
linktr.ee,0,17,0,0,1,0,0,0,1,8,303170062895.361,4,33,0,0,1,1,1,0,0.0603448275862069,0.0603448275862069,0.0,0.0
live.com,0,16,0,0,1,0,0,0,1,5,972050225588.37,1,3235,0,0,0,0,0,0,0.0,0.0,0.0,0.0
liveinternet.ru,0,23,0,0,1,0,0,0,1,6,728521031508.087,1,28794,0,0,0,1,0,1,0.034482758620689655,0.0,0.0,0.0
m.wikipedia.org,0,23,0,0,2,0,0,0,1,4,781296302213.358,1,34,1,124,0,1,0,1,0.008,0.008,0.05,0.0
mail.google.com,0,23,0,0,2,0,0,0,1,8,886345045680.7981,1,199,1,121,0,1,1,0,0.16666666666666666,0.0,0.3333333333333333,0.0
mail.ru,0,15,0,0,1,0,0,0,1,7,885270265541.541,3,20,0,0,0,0,0,0,0.0,0.0,0.0,0.0
maps.google.com,0,23,0,0,2,0,0,0,1,10,886345063725.443,1,104,1,149,0,1,0,1,1.0,0.0,0.0,0.0
marca.com,0,17,0,0,1,0,0,0,1,6,902498286916.317,1,295,1,294,0,1,0,0,0.007207207207207207,0.0018018018018018018,0.045454545454545456,0.0
mashable.com,0,20,0,0,1,0,0,0,1,7,638856460504.708,2,294,2,295,1,1,1,1,0.01856763925729443,0.0,0.007246376811594203,0.0
mdpi.com,0,16,0,0,1,0,0,0,1,7,688779603007.302,2,24,2,24,0,1,1,0,0.15532286212914484,0.15532286212914484,0.0,0.0
mediafire.com,0,21,0,0,1,0,0,0,1,7,731561222421.5,2,284,0,0,1,1,1,1,0.16326530612244897,0.1836734693877551,0.125,0.0
medium.com,0,18,0,0,1,0,0,0,1,9,864399503094.733,2,225,2,175,0,1,1,0,0.14285714285714285,0.0,0.0,0.0
mega.nz,0,15,0,0,1,0,0,0,1,7,348509689311.593,2,242,2,268,1,1,0,1,1.0,0.0,0.0,0.0
merriam-webster.com,0,27,0,0,1,1,0,0,1,7,842191113663.204,4,55,8,57,1,1,1,0,0.023809523809523808,0.004761904761904762,0.07142857142857142,0.0
messenger.com,0,21,0,0,1,0,0,0,1,7,850485519499.63,1,54,1,54,0,1,0,0,0.020833333333333332,0.0,0.02564102564102564,0.0
metro.co.uk,0,19,0,0,2,0,0,0,1,6,921783526645.414,1,7193,0,0,0,1,1,1,0.026771653543307086,0.0,0.05,0.0
mirror.co.uk,0,20,0,0,2,0,0,0,1,7,921783536260.7959,2,53,0,0,1,1,0,0,0.011152416356877323,0.0,0.038461538461538464,0.0
mit.edu,0,15,0,0,1,0,0,0,1,6,1274986740865.4548,1,15,2,16,1,1,1,1,0.047619047619047616,0.031746031746031744,0.04,0.0
mozilla.com,0,19,0,0,1,0,0,0,1,6,978188346956.945,1,594,0,0,0,1,1,0,0.02112676056338028,0.007042253521126761,0.03225806451612903,0.0
mozilla.org,0,19,0,0,1,0,0,0,1,8,875023151802.374,1,465,1,118,0,1,1,0,0.023255813953488372,0.0,0.03125,0.0
msn.com,0,15,0,0,1,0,0,0,1,7,976197557212.0399,1,2582,0,0,0,0,0,0,0.0,0.0,0.0,0.0
my.yahoo.com,0,20,0,0,2,0,0,0,1,6,970235965659.034,2,52,4,52,0,1,0,0,0.08695652173913043,0.0,0.0,0.0
myaccount.google.com,0,28,0,0,2,0,0,0,1,8,886345171895.727,1,68,1,134,0,1,1,0,0.16666666666666666,0.0,0.3333333333333333,0.0
mynavi.jp,0,17,0,0,1,0,0,0,1,5,589575581181.814,4,51,0,0,1,1,1,0,0.050505050505050504,0.0,0.05,0.0
mystrikingly.com,0,24,0,0,1,0,0,0,1,4,217253933408.162,4,54,0,0,0,1,1,0,0.07142857142857142,0.07142857142857142,0.0,0.0
namebright.com,0,22,0,0,1,0,0,0,1,5,647723140404.271,2,293,2,293,1,0,0,1,0.0,0.0,0.0,0.0
nasa.gov,0,16,0,0,1,0,0,0,1,7,884885438594.426,1,592,1,592,1,1,0,0,0.01824817518248175,0.0072992700729927005,0.06060606060606061,0.0
nationalgeographic.com,0,30,0,0,1,0,0,0,1,7,947343613209.085,4,52,0,0,1,1,0,0,0.027777777777777776,0.0,1.0,0.0
nature.com,0,18,0,0,1,0,0,0,1,8,984063621581.338,1,2,0,0,0,1,1,1,0.02158273381294964,0.03597122302158273,0.02564102564102564,0.0
naver.com,0,17,0,0,1,0,0,0,1,6,886604438987.757,4,283,0,0,0,1,0,0,0.125,1.0,0.0,0.0
nbcnews.com,0,19,0,0,1,0,0,0,1,7,893343649104.051,4,170,0,0,0,1,0,0,0.05415162454873646,0.05415162454873646,0.11764705882352941,0.0
ndtv.com,0,16,0,0,1,0,0,0,1,6,916930855409.032,1,13,2,13,1,1,0,0,0.012345679012345678,0.014109347442680775,0.02857142857142857,0.0
netflix.com,0,19,0,0,1,0,0,0,1,7,881416861701.11,3,12,3,54,0,1,0,0,0.047619047619047616,0.047619047619047616,0.05,0.05
netvibes.com,0,20,0,0,1,0,0,0,1,6,833372425359.444,1,294,0,0,0,1,1,1,0.046511627906976744,0.0,0.0,0.0
networkadvertising.org,0,30,0,0,1,0,0,0,1,6,819139349304.837,4,54,0,0,0,1,0,1,0.05454545454545454,0.00909090909090909,0.2,0.0
news.google.com,0,23,0,0,2,0,0,0,1,8,886345296037.13,1,177,1,124,0,1,1,0,0.044444444444444446,0.0,0.0,0.0
news.yahoo.com,0,22,0,0,2,0,0,0,1,7,970236102542.172,4,54,4,54,0,1,0,0,0.008247422680412371,0.006185567010309278,0.0,0.0
newsweek.com,0,20,0,0,1,0,0,0,1,7,991494106885.1481,2,296,0,0,0,1,1,1,0.0593900481540931,0.0032102728731942215,0.034482758620689655,0.017241379310344827
newyorker.com,0,21,0,0,1,0,0,0,1,7,1007301713067.496,4,294,0,0,1,1,1,0,0.022900763358778626,0.007633587786259542,0.0,0.0
nginx.com,0,17,0,0,1,0,0,0,1,6,656834316640.803,1,586,0,0,0,1,1,1,0.08300395256916997,0.09486166007905138,0.02631578947368421,0.0
nginx.org,0,17,0,0,1,0,0,0,1,7,656834292447.678,2,116,2,116,0,1,1,1,0.08,0.0,0.0,0.0
nicsell.com,0,19,0,0,1,0,0,0,1,4,544173746679.09,1,3594,0,0,0,1,1,1,0.042105263157894736,0.021052631578947368,0.0,0.0
nih.gov,0,15,0,0,1,0,0,0,1,6,884885577851.999,1,7194,0,0,1,1,1,1,0.02912621359223301,0.019417475728155338,0.06666666666666667,0.0
nintendo.com,0,20,0,0,1,0,0,0,1,6,970927351120.8671,1,54,0,0,0,1,1,0,0.027932960893854747,0.0,0.058823529411764705,0.0
npr.org,0,15,0,0,1,0,0,0,1,8,1004882557185.384,4,54,0,0,1,1,0,0,0.15457413249211358,0.0031545741324921135,0.034482758620689655,0.0
nymag.com,0,17,0,0,1,0,0,0,1,7,913730562146.474,2,296,0,0,1,1,1,0,0.015789473684210527,0.0,0.05,0.0
https://coinbase.sendsafely.com/d/client-services-files/B2B-01435461,1,68,0,0,2,0,0,0,1,0,442110609438.489,2,56,0,0,1,1,1,1,0.6666666666666666,0.0,0.0,0.0
https://coinbase.sendsafely.com/dropzone/client-services-files/B2B-01435461,1,75,0,0,2,0,0,0,1,0,442110613157.265,2,53,0,0,1,1,1,1,0.6666666666666666,0.0,0.0,0.0
https://primeira-venda-na-shopee-alppxodyjxhmny55.builder-preview.com/,1,70,0,0,2,1,0,0,1,0,95663367604.002,1,295,1,295,0,0,0,0,0.0,0.0,0.0,0.0
https://www.eventolaracastilho.com.br/cadastro,1,46,0,0,3,0,0,0,1,0,13374189852.275002,2,297,0,0,1,0,0,0,0.0,0.0,0.0,0.0
https://coinabseeprooloigini.godaddysites.com/,1,46,0,0,2,0,0,0,1,0,375846880548.30804,2,595,0,0,1,1,0,0,1.0,0.0,0.0,0.0
https://whatsjxj.cc/,1,20,0,0,1,0,0,0,1,0,470168463.68,1,596,0,0,0,1,1,1,0.10666666666666667,0.10666666666666667,0.08333333333333333,0.0
http://f.digitalmaillane.com/igit/4/amt82jxMjalzn7q1hbMldsMw9bsgkM0bgMdd5Mo1MhMa,1,80,0,0,2,0,0,0,0,0,70251181196.368,1,889,0,0,0,1,1,0,0.10526315789473684,0.0,0.0,0.0
http://matexglobalsourcinghub.com/,1,34,0,0,1,0,0,0,0,0,300896221.13199997,2,593,0,0,0,0,0,1,0.0,0.0,0.0,0.0
http://matexinternationallogistics.com/,1,39,0,0,1,0,0,0,0,0,300905574.406,2,592,0,0,0,0,0,1,0.0,0.0,0.0,0.0
http://matexworldwideexpress.com/,1,33,0,0,1,0,0,0,0,0,300915346.922,2,584,0,0,0,0,0,1,0.0,0.0,0.0,0.0
https://producbank.iceiy.com/,1,29,0,0,2,0,0,0,1,0,153389657306.866,1,86396,0,0,0,0,0,0,0.0,0.0,0.0,0.0
http://refund-advertising-meta.surge.sh/accountMeta,1,51,0,0,2,1,0,0,0,0,354311626670.381,1,296,0,0,0,1,1,0,1.0,0.0,0.0,0.0
https://pc.whatsiew.cc/wp-includes/Text/about.php7,1,50,0,0,3,0,0,0,1,0,470051006.11800003,1,588,0,0,0,1,1,1,0.3125,0.09375,0.2727272727272727,0.2727272727272727
https://pc.whatseqs.cc/,1,23,0,0,2,0,0,0,1,0,469823093.89900005,1,594,0,0,0,1,1,1,0.5185185185185185,0.5185185185185185,0.65,0.65
http://www.0qb73a.com/,1,22,0,0,2,0,0,0,0,0,28385161529.913998,1,294,0,0,1,1,1,1,0.058823529411764705,0.029411764705882353,0.0,0.0
https://pc.whatssyg.cc/i/home.html,1,34,0,0,3,0,0,0,1,0,470233344.915,1,595,0,0,0,1,1,1,0.3125,0.09375,0.2727272727272727,0.2727272727272727
https://pc.whatsquw.cc/i/home.html,1,34,0,0,3,0,0,0,1,0,469749518.178,1,593,0,0,0,1,1,1,0.3125,0.09375,0.2727272727272727,0.2727272727272727
https://pc.whatssoo.cc/i/home.html,1,34,0,0,3,0,0,0,1,0,470149760.40000004,1,593,0,0,0,1,1,1,0.3125,0.09375,0.2727272727272727,0.2727272727272727
https://pc.whatswau.cc/_layouts/15/spinstall0.aspx,1,50,0,0,3,0,0,0,1,0,469868032.21999997,1,592,0,0,0,1,1,1,0.3125,0.09375,0.2727272727272727,0.2727272727272727
https://pc.whatslpn.cc/wp-includes/Text/about.php7,1,50,0,0,3,0,0,0,1,0,470373178.434,1,595,0,0,0,1,1,1,0.3125,0.09375,0.2727272727272727,0.2727272727272727
https://pc.whatsick.cc/wp-includes/Text/about.php7,1,50,0,0,3,0,0,0,1,0,470221483.463,1,593,0,0,0,1,1,1,0.3125,0.09375,0.2727272727272727,0.2727272727272727
https://pc.whatsumc.cc/i/home.html,1,34,0,0,3,0,0,0,1,0,469909127.595,1,594,0,0,0,1,1,1,0.3125,0.09375,0.2727272727272727,0.2727272727272727
https://pc.whatsuyk.cc/i/home.html,1,34,0,0,3,0,0,0,1,0,470306317.08900005,1,594,0,0,0,1,1,1,0.3125,0.09375,0.2727272727272727,0.2727272727272727
https://pc.whatsisq.cc/wp-includes/Text/about.php7,1,50,0,0,3,0,0,0,1,0,469854156.043,1,594,0,0,0,1,1,1,0.3125,0.09375,0.2727272727272727,0.2727272727272727
https://pc.whatsmge.cc/wp-includes/Text/about.php7,1,50,0,0,3,0,0,0,1,0,470021718.528,1,593,0,0,0,1,1,1,0.3125,0.09375,0.2727272727272727,0.2727272727272727
https://pc.whatsqga.cc/i/home.html,1,34,0,0,3,0,0,0,1,0,470198716.02,1,592,0,0,0,1,1,1,0.3125,0.09375,0.2727272727272727,0.2727272727272727
https://pc.whatssai.cc/i/home.html,1,34,0,0,3,0,0,0,1,0,469944321.583,1,595,0,0,0,1,1,1,0.3125,0.09375,0.2727272727272727,0.2727272727272727
https://pc.whatsuqu.cc/i/home.html,1,34,0,0,3,0,0,0,1,0,470249646.381,1,594,0,0,0,1,1,1,0.3125,0.09375,0.2727272727272727,0.2727272727272727
http://whatsjxj.cc/wp-includes/Text/about.php7,1,46,0,0,2,0,0,0,0,0,470394247.317,1,371,0,0,0,1,1,1,0.3125,0.09375,0.2727272727272727,0.2727272727272727
https://pc.whatsuym.cc/i/home.html,1,34,0,0,3,0,0,0,1,0,469930036.274,1,595,0,0,0,1,1,1,0.3125,0.09375,0.2727272727272727,0.2727272727272727
https://pc.whatsuqc.cc/i/home.html,1,34,0,0,3,0,0,0,1,0,469649900.997,1,594,0,0,0,1,1,1,0.3125,0.09375,0.2727272727272727,0.2727272727272727
https://pc.whatsway.cc/_layouts/15/spinstall0.aspx,1,50,0,0,3,0,0,0,1,0,469761569.16999996,1,593,0,0,0,1,1,1,0.3125,0.09375,0.2727272727272727,0.2727272727272727
https://pc.whatssgy.cc/i/home.html,1,34,0,0,3,0,0,0,1,0,470329730.89,1,596,0,0,0,1,1,1,0.3125,0.09375,0.2727272727272727,0.2727272727272727
https://whatsqcq.cc/i/home.html,1,31,0,0,2,0,0,0,1,0,470031745.306,1,594,0,0,0,1,1,1,0.3125,0.09375,0.2727272727272727,0.2727272727272727
https://pc.whatsswi.cc/i/home.html,1,34,0,0,3,0,0,0,1,0,469647588.829,1,594,0,0,0,1,1,1,0.3125,0.09375,0.2727272727272727,0.2727272727272727
https://pc.whatsqcs.cc/i/home.html,1,34,0,0,3,0,0,0,1,0,469698018.053,1,594,0,0,0,1,1,1,0.3125,0.09375,0.2727272727272727,0.2727272727272727
https://pc.whatsrhh.cc/i/home.html,1,34,0,0,3,0,0,0,1,0,470248781.503,1,593,0,0,0,1,1,1,0.3125,0.09375,0.2727272727272727,0.2727272727272727
http://whatshbt.cc/wp-includes/Text/about.php7,1,46,0,0,2,0,0,0,0,0,470436706.227,1,593,0,0,0,1,1,1,0.3125,0.09375,0.2727272727272727,0.2727272727272727
https://pc.whatsqow.cc/i/home.html,1,34,0,0,3,0,0,0,1,0,469667727.444,1,594,0,0,0,1,1,1,0.3125,0.09375,0.2727272727272727,0.2727272727272727
https://onlinemailstorage.com/cl87346f254/6e732d2550c25050c3c419b0/index.php?id=228758f5e30bbfbb723900727b18650c,1,112,0,0,2,0,0,0,1,0,186441157404.723,2,54,0,0,0,1,1,1,0.8571428571428571,0.0,0.0,0.0
https://assets.pubpub.org/gbb5op44/tiktok-71730948558683.html,1,61,0,0,3,0,0,0,1,5,333753086325.394,3,297,3,297,0,0,0,0,0.0,0.0,0.0,0.0
https://vccaswk.com/,1,20,0,0,1,0,0,0,1,0,485555671.86399996,1,296,0,0,0,1,0,1,0.5714285714285714,0.0,0.5,0.0
https://www.hbccontsr.com/,1,26,0,0,2,0,0,0,1,0,14855234838.241,1,3593,0,0,0,0,0,0,0.0,0.0,0.0,0.0
https://produbanc0ec.wuaze.com/,1,31,0,0,2,0,0,0,1,0,68461127666.558,1,16121,0,0,0,0,0,0,0.0,0.0,0.0,0.0
https://asdbavbsdasdakja.click/,1,31,0,0,1,0,0,0,1,0,530003328.228,2,282,2,282,0,0,0,1,0.0,0.0,0.0,0.0
https://yahoomail2.godaddysites.com/,1,36,0,0,2,0,0,0,1,0,375847331560.304,2,594,0,0,0,1,1,0,0.2857142857142857,0.14285714285714285,0.0,0.0
http://refund-advertising-meta.surge.sh/account61580050738171,1,61,0,0,2,1,0,0,0,0,354312005322.832,1,299,0,0,0,1,1,0,1.0,0.0,0.0,0.0
https://votre-conseiller.surge.sh/,1,34,0,0,2,1,0,0,1,0,354312014632.136,1,294,0,0,0,0,0,0,0.0,0.0,0.0,0.0
https://microsoft.design/articles/start-fresh-redesigning-windows-start-menu/,1,77,0,0,1,0,0,0,1,5,330228741081.212,2,3595,0,0,1,1,0,1,0.017045454545454544,0.011363636363636364,0.125,0.0
http://f.digitalmaillane.com/igit/4/53n5bcuPt48stcv6mgPqixP2eu2x4gP5glPhiaPt6PmPf,1,81,0,0,2,0,0,0,0,0,70251677521.21,1,884,0,0,0,1,1,0,0.10526315789473684,0.0,0.0,0.0
https://app-67ee16c2c1ac1810207ed90d.closte.com/wp-content/uploads/2025/10/fr-85632s56qd8q7s6d453/redirect.php,1,110,0,0,3,1,0,0,1,0,339301513169.906,1,604777,0,0,0,0,0,0,0.0,0.0,0.0,0.0
https://www.roblox.tc/users/1576189965/profile,1,46,0,0,2,0,0,0,1,0,38957428252.538,1,290,0,0,1,1,0,0,0.2571428571428571,0.08571428571428572,0.0,0.0
https://www.roblox.tc/games/90260166986922/Neko-Outbreak-63?privateServerLinkCode=32450739618257576526420714999432,1,114,0,0,2,0,0,0,1,0,38957437026.236,1,291,0,0,1,1,1,0,0.4,0.2,0.0,0.0
https://www.roblox.tc/users/1650259200/profile,1,46,0,0,2,0,0,0,1,0,38957447101.442,1,291,0,0,1,1,0,0,0.2571428571428571,0.08571428571428572,0.0,0.0
https://www.roblox.tc/games/14153443454/Meet-a-neko?privateServerLinkCode=86417855564966570601148649218241,1,106,0,0,2,0,0,0,1,0,38957454785.992,1,284,0,0,1,1,1,0,0.4,0.2,0.0,0.0
https://www.roblox.tc/games/87206555365816/Dollhouse-Roleplay-Modded-BACK?privateServerLinkCode=71529218401190750331534188560664,1,128,0,0,2,0,0,0,1,0,38957462539.504,1,276,0,0,1,1,1,0,0.4,0.2,0.0,0.0
https://www.roblox.tc/games/88270880256027/WORKING-SUSSY-SWAP-SIMULATOR-2?privateServerLinkCode=58081094282951956029777835635080,1,128,0,0,2,0,0,0,1,0,38957469832.387,1,269,0,0,1,1,1,0,0.4,0.2,0.0,0.0
https://www.roblox.tc/games/135584994052780/AI-Talk-With-Neko?privateServerLinkCode=08413143472818728296023391015787,1,116,0,0,2,0,0,0,1,0,38957476917.366,1,261,0,0,1,1,1,0,0.4,0.2,0.0,0.0
https://www.roblox.tc/games/76106209840076/Weird-Neko-Untitled-Game?privateServerLinkCode=13537921365426259357523737729058,1,122,0,0,2,0,0,0,1,0,38957484093.367004,1,254,0,0,1,1,1,0,0.4,0.2,0.0,0.0
https://www.roblox.tc/games/142823291/Murder-Mystery-2?privateServerLinkCode=04830190047369293408278139882682,1,109,0,0,2,0,0,0,1,0,38957492453.669,1,246,0,0,1,1,1,0,0.4,0.2,0.0,0.0
https://www.roblox.tc/games/127742093697776/Plants-Vs-Brainrots?privateServerLinkCode=21409272151831953883040609307523,1,118,0,0,2,0,0,0,1,0,38957498399.535,1,240,0,0,1,1,1,0,0.4,0.2,0.0,0.0
https://www.roblox.tc/communities/8745361804/teagertsalol,1,57,0,0,2,0,0,0,1,0,38957503864.346,1,235,0,0,1,1,1,0,0.375,0.0625,0.0,0.0
https://www.roblox.tc/communities/7779463490/HowToRoblox-Group,1,62,0,0,2,0,0,0,1,0,38957510232.976,1,228,0,0,1,1,1,0,0.375,0.0625,0.0,0.0
https://www.roblox.tc/communities/2545482608/GrouchysUGC,1,56,0,0,2,0,0,0,1,0,38957515850.179,1,222,0,0,1,1,1,0,0.375,0.0625,0.0,0.0
https://www.robiox.com.ua/users/560522459/profile,1,49,0,0,3,0,0,0,1,0,6652209417.783999,1,300,0,0,1,1,0,0,0.2571428571428571,0.08571428571428572,0.0,0.0
https://www.robiox.com.ua/users/1370831435/profile,1,50,0,0,3,0,0,0,1,0,6652266322.807,1,260,0,0,1,1,0,0,0.2571428571428571,0.08571428571428572,0.0,0.0
https://www.robiox.com.ua/users/3345611999/profile,1,50,0,0,3,0,0,0,1,0,6652271295.040999,1,255,0,0,1,1,0,0,0.2571428571428571,0.08571428571428572,0.0,0.0
https://www.robiox.com.ua/users/3847655696/profile,1,50,0,0,3,0,0,0,1,0,6652276522.786,1,250,0,0,1,1,0,0,0.2571428571428571,0.08571428571428572,0.0,0.0
https://www.robiox.com.ua/users/2117479661/profile,1,50,0,0,3,0,0,0,1,0,6652264109.189,1,245,0,0,1,1,0,0,0.2571428571428571,0.08571428571428572,0.0,0.0
https://www.robiox.com.ua/games/13831863192/Neko-Infection-GUBBY-NEKO?privateServerLinkCode=67142696921664684343603181545668,1,124,0,0,3,0,0,0,1,0,6652272311.992,1,237,0,0,1,1,1,0,0.4,0.2,0.0,0.0
https://www.robiox.com.ua/games/11458003847/Xayezi-Hangout-Vibe-Place-Mic-up?privateServerLinkCode=32718313217100905384095220911346,1,131,0,0,3,0,0,0,1,0,6652277067.127,1,232,0,0,1,1,1,0,0.4,0.2,0.0,0.0
https://www.robiox.com.ua/games/920587237/Adopt-Me?privateServerLinkCode=36903500197286509827722327623711,1,105,0,0,3,0,0,0,1,0,6652282145.358,1,227,0,0,1,1,1,0,0.4,0.2,0.0,0.0
https://www.robiox.com.ua/users/1243690708/profile,1,50,0,0,3,0,0,0,1,0,6652288293.584001,1,221,0,0,1,1,0,0,0.2571428571428571,0.08571428571428572,0.0,0.0
https://www.robiox.com.ua/games/14024789662/A-r34-gaem-READ-DESC?privateServerLinkCode=80053020960536892416911736020067,1,119,0,0,3,0,0,0,1,0,6652293096.226,1,216,0,0,1,1,1,0,0.4,0.2,0.0,0.0
https://www.robiox.com.ua/games/127742093697776/Plants-Vs-Brainrots?privateServerLinkCode=03210110943395965770933354352589,1,122,0,0,3,0,0,0,1,0,6652317508.709001,1,209,0,0,1,1,1,0,0.4,0.2,0.0,0.0
https://www.robiox.com.ua/games/109983668079237/Steal-a-Brainrot?privateServerLinkCode=39083799041359763417621285710870,1,119,0,0,3,0,0,0,1,0,6652306635.601,1,202,0,0,1,1,1,0,0.4,0.2,0.0,0.0
https://www.robiox.com.ua/games/126884695634066/Grow-a-Garden?privateServerLinkCode=60338898509261474526854473020632,1,116,0,0,3,0,0,0,1,0,6652312361.493,1,197,0,0,1,1,1,0,0.4,0.2,0.0,0.0
https://www.robiox.com.ua/communities/4183949668/IMNOT-Studio,1,61,0,0,3,0,0,0,1,0,6652348618.826,1,160,0,0,1,1,1,0,0.375,0.0625,0.0,0.0
https://roblox.tc/games/9872472334/Evade?privateServerLinkCode=28586991372002819427568847834613,1,95,0,0,1,0,0,0,1,0,38957843970.462006,1,290,0,0,1,1,1,0,0.4,0.2,0.0,0.0
https://roblox.tc/users/2527525628/profile,1,42,0,0,1,0,0,0,1,0,38957856253.362,1,278,0,0,1,1,0,0,0.2571428571428571,0.08571428571428572,0.0,0.0
https://roblox.tc/users/7643981949/profile,1,42,0,0,1,0,0,0,1,0,38957863907.76,1,270,0,0,1,1,0,0,0.2571428571428571,0.08571428571428572,0.0,0.0
https://roblox.tc/users/9018915488/profile,1,42,0,0,1,0,0,0,1,0,38957872445.038994,1,262,0,0,1,1,0,0,0.2571428571428571,0.08571428571428572,0.0,0.0
https://roblox.tc/communities/9442828240/Almaraket,1,50,0,0,1,0,0,0,1,0,38957879718.548,1,255,0,0,1,1,1,0,0.375,0.0625,0.0,0.0
https://roblox.tc/communities/6514438931/VIP-Community,1,54,0,0,1,0,0,0,1,0,38957885772.109,1,249,0,0,1,1,1,0,0.375,0.0625,0.0,0.0
https://roblox.tc/communities/4183949668/ADORStudio,1,51,0,0,1,0,0,0,1,0,38957892028.886,1,242,0,0,1,1,1,0,0.375,0.0625,0.0,0.0
https://roblox.tc/games/109983668079237/Steal-a-Brainrot?privateServerLinkCode=11785002288393756828519739785973,1,111,0,0,1,0,0,0,1,0,38957898487.849,1,236,0,0,1,1,1,0,0.4,0.2,0.0,0.0
https://roblox.tc/communities/2319943998/Blox-Forest,1,52,0,0,1,0,0,0,1,0,38957905275.235,1,229,0,0,1,1,1,0,0.375,0.0625,0.0,0.0
http://www.tinyurl.com/rblx-vip-server/,1,39,0,0,2,0,0,0,0,8,748530288125.078,2,285,2,285,1,1,0,0,0.3888888888888889,0.16666666666666666,0.0,0.0
https://www.robiox.com.ua/users/5276087801/profile,1,50,0,0,3,0,0,0,1,0,6652639232.351999,1,294,0,0,1,1,0,0,0.2571428571428571,0.08571428571428572,0.0,0.0
